-- MySQL dump 10.13  Distrib 8.0.32, for Win64 (x86_64)
--
-- Host: 127.0.0.1    Database: drakestore
-- ------------------------------------------------------
-- Server version	8.0.32

/*!40101 SET @OLD_CHARACTER_SET_CLIENT=@@CHARACTER_SET_CLIENT */;
/*!40101 SET @OLD_CHARACTER_SET_RESULTS=@@CHARACTER_SET_RESULTS */;
/*!40101 SET @OLD_COLLATION_CONNECTION=@@COLLATION_CONNECTION */;
/*!50503 SET NAMES utf8 */;
/*!40103 SET @OLD_TIME_ZONE=@@TIME_ZONE */;
/*!40103 SET TIME_ZONE='+00:00' */;
/*!40014 SET @OLD_UNIQUE_CHECKS=@@UNIQUE_CHECKS, UNIQUE_CHECKS=0 */;
/*!40014 SET @OLD_FOREIGN_KEY_CHECKS=@@FOREIGN_KEY_CHECKS, FOREIGN_KEY_CHECKS=0 */;
/*!40101 SET @OLD_SQL_MODE=@@SQL_MODE, SQL_MODE='NO_AUTO_VALUE_ON_ZERO' */;
/*!40111 SET @OLD_SQL_NOTES=@@SQL_NOTES, SQL_NOTES=0 */;

--
-- Table structure for table `tbl_blog`
--

DROP TABLE IF EXISTS `tbl_blog`;
/*!40101 SET @saved_cs_client     = @@character_set_client */;
/*!50503 SET character_set_client = utf8mb4 */;
CREATE TABLE `tbl_blog` (
  `id` int NOT NULL AUTO_INCREMENT,
  `title` varchar(2000) CHARACTER SET utf8mb4 COLLATE utf8mb4_bin NOT NULL,
  `content` longtext CHARACTER SET utf8mb4 COLLATE utf8mb4_bin NOT NULL,
  `created_date` datetime DEFAULT NULL,
  `updated_date` datetime DEFAULT NULL,
  `created_by` int DEFAULT NULL,
  `updated_by` int DEFAULT NULL,
  `seo` varchar(200) CHARACTER SET utf8mb4 COLLATE utf8mb4_bin DEFAULT NULL,
  `status` tinyint(1) DEFAULT NULL,
  `tag` varchar(100) CHARACTER SET utf8mb4 COLLATE utf8mb4_bin NOT NULL,
  `avatar` varchar(200) CHARACTER SET utf8mb4 COLLATE utf8mb4_bin NOT NULL,
  `short_content` longtext CHARACTER SET utf8mb4 COLLATE utf8mb4_bin NOT NULL,
  `comments` int DEFAULT NULL,
  `author` varchar(200) CHARACTER SET utf8mb4 COLLATE utf8mb4_bin NOT NULL,
  PRIMARY KEY (`id`)
) ENGINE=InnoDB AUTO_INCREMENT=12 DEFAULT CHARSET=utf8mb4 COLLATE=utf8mb4_bin;
/*!40101 SET character_set_client = @saved_cs_client */;

--
-- Dumping data for table `tbl_blog`
--

LOCK TABLES `tbl_blog` WRITE;
/*!40000 ALTER TABLE `tbl_blog` DISABLE KEYS */;
INSERT INTO `tbl_blog` VALUES (1,'Nike Air Jordan 1 - Mẫu Giày \"Huyền Thoại\"','<p>Air Jordan là thương hiệu giày dép và trang thiết bị thể thao được thành lập, thiết kế và sản xuất riêng dành riêng cho Michael Jordan bởi một nhánh của Nike có tên thương mại là “Jordan Brand”. Bài viết sẽ chỉ đề cập đến lịch sử ra đời các dòng giày Jordan chính, có số lượng tiêu thụ cao và luôn tạo cơn sốt mỗi khi được ra mắt ( heat ).</p><p>Các dòng giày Jordan thường được viết tắt là J’s, AJ, ví dụ Air Jordan 1 sẽ gọi là J1’s hoặc 1s hoặc AJ 1, chân thành khuyên nên dừng việc viết tắt Jordan là JD vì nghe khá là củ chuối, giống như phiên âm Jordan thành Jo-Đần và viết tắt là JD vậy.</p><p>Nhắc đến dòng giày Jordan thì không thể không nhắc đến thiết kế giày khởi điểm Air Jordan 1 với năng lực hút tiền cho công ty mẹ mỗi khi được đưa lên kệ. Air Jordan 1 được thiết kế riêng cho Michael Jordan vào năm 1984 bởi Peter Moore, với hai màu chủ đạo là đen và đỏ (Jordan 1 “Bred”) theo màu áo đấu của Chicago Bulls. Thiết kế giày này ngay lập tức bị bác bỏ bởi David Stern – Ủy viên hội đồng NBA vì thằng bựa này cho rằng thiết kế giày không có màu trắng là phạm luật ( theo luật giày thi đấu ở NBA phải có màu trắng chiếm một phần đáng kể, trong khi Jordan 1 “Bred” chỉ có màu trắng ở phần midsole ). Tuy nhiên Michael&nbsp;vẫn mang đôi giày này mỗi khi thi đấu và phải chịu một khoản tiền phạt là $5000 ($5000 ở thời điểm những năm 80 không phải là nhỏ), tuy nhiên Nike rất vui lòng đóng khoản tiền phạt đó thay cho MJ và tận dụng việc này như một chiêu trò marketing và quảng bá sản phẩm của mình.</p><p>Sau đó một thời gian Nike đã bổ sung thêm một phối màu trắng / đen / đỏ (Air Jordan 1 “Chicago Bulls”) và MJ đã mang đôi này ở hầu hết các trận trong mùa giải 1985-1986.</p><p>Năm 1985, Air Jordan 1 chính thức được sản xuất và trở thành sản phẩm thương mại với mức giá retail là 65$, được biết đến là đôi giày bóng rổ đắt nhất từ trước đó tính đến năm 1985. AJ1 được thiết kế dựa trên những sản phẩm của Nike thời kì đó với dấu “swoosh” đặc trưng ở bên hông, logo Nike Air ở lưỡi gà (ở những bản Retro thay thế bằng logo Jumpman) và đặc biệt là logo Air Jordan “Winged Basketball”. AJ1 sở hữu bộ đệm “Air” ở gót, bộ đệm cổ chân để hạn chế chấn thương khi chơi bóng. Có ba phiên bản AJ1: high top, low top và K.O với tất cả 17 thiết kế được sản xuất trong khoảng thời gian này (1985-1986) với những thiết kế tiêu biểu nhiều người biết như “Bred”, “Royal”, “Chicago”, “Shadow” , các phối màu Metallic, …v.v…</p><p>Về sau Air Jordan 1 còn cho ra các dòng phụ như Air Jordan 1 Mid, Air Jordan 1 Alpha, Air Jordan 1 Phat, … góp phần làm đa dạng thêm cho dòng sản phẩm kinh điển này. Tuy nhiên dòng sản phẩm Air Jordan 1 High và đặc biệt là High OG được đánh giá cao nhất cũng như giá tiền của chúng cũng thuộc hàng “top” ở các chợ mua bán sneakers.</p><p>Air Jordan 1 sau đó được retro vào các năm 1994, 2001-2004, 2007-2014 và năm 2015 sắp tới. Mỗi phiên bản AJ retro thường có vài sự thay đổi về chất liệu hoặc thiết kế mà dễ thấy nhất là logo Jumpman thay thế cho Nike Air, đồng thời xuất hiện những phối màu mới, thiết kế mới, tất cả đều góp phần tạo thêm sức hút và mang lại làn gió mới cho shoesgame thế giới nói chung và Việt Nam nói riêng.<br></p>','2022-09-03 23:12:59','2023-03-24 20:44:47',1,1,'nike-air-jordan-1-mau-giay-huyen-thoai-1650807887429',1,'Air Jordan 1','/blogs/avatars/555088-101-jordan-1-retro-og-chicago-1.jpeg','Air Jordan là thương hiệu giày dép và trang thiết bị thể thao được thành lập, thiết kế và sản xuất riêng dành riêng cho Michael Jordan bởi một nhánh của Nike có tên thương mại là “Jordan Brand”. Bài viết sẽ chỉ đề cập đến lịch sử ra đời các dòng giày Jordan chính, có số lượng tiêu thụ cao và luôn tạo cơn sốt mỗi khi được ra mắt ( heat )...',9,'admin123'),(2,'Nike Air Force 1 – Biểu tượng với cảm hứng từ chuyên cơ tổng thống Mỹ','<p>Nếu như 1971 là thời điểm thương hiệu Nike chính thức có mặt trên thị trường thì vào năm 1982, Air Force 1 cũng được trình làng. Nghĩa là chỉ sau 11 năm và Air Force 1 là một trong những dòng sản phẩm đời đầu của hãng.Nike Air Force 1 được giới thiệu bởi nhà thiết kế của Nike khi đó là ông Bruce Kilgore với định vị là dòng giày dành cho dân chơi bóng rổ. </p><p>Dĩ nhiên, sản phẩm vô cùng thành công ở thời điểm bấy giờ.Đôi giày được cả thế giới ngưỡng mộ nhờ công nghệ đế giày Air Unit lần đầu tiên áp dụng trên dòng giày bóng rổ, giúp mang lại cấu trúc chắc chắn khi mang.Để khẳng định đây là đôi giày hàng đầu dành cho dân chơi bóng rổ, Nike không ngại tốn chi phí Marketing khổng lồ để “xâm nhập” vào NBA (National Basketball Association), hay còn gọi là Giải bóng rổ Nhà nghề Mỹ – Giải bóng rổ lớn nhất nước Mỹ và thế giới.Theo đó, mẫu sneaker này được các siêu sao Giải bóng rổ Nhà nghề Mỹ như Moses Malone và Philadelphia 76ers sử dụng trong các giải đấu cũng như ngoài đời thực. Điều này giúp Nike Air Force 1 bán cực chạy.</p><p>Nhưng,Mặc dù là sản phẩm bán chạy số 1 của hãng và tốn chi phí Marketing khổng lồ trong các chương trình NBA nhưng chỉ sau 2 năm ra mắt, 1984, đôi giày “best seller” Air Force 1 bị ngừng sản xuất toàn bộ không rõ nguyên nhân.</p>','2023-03-11 23:24:19','2023-03-15 17:20:31',1,1,'nike-air-force-1-bieu-tuong-voi-cam-hung-tu-chuyen-co-tong-thong-my-1634293230903',1,'Air Force 1','/blogs/avatars/giai-ma-doi-giay-nike-air-force-1-huyen-thoai-40-nam-lich-su-nike.jpg','Nếu như 1971 là thời điểm thương hiệu Nike chính thức có mặt trên thị trường thì vào năm 1982, Air Force 1 cũng được trình làng. Nghĩa là chỉ sau 11 năm và Air Force 1 là một trong những dòng sản phẩm đời đầu của hãng. Nike Air Force 1 đước giới thiệu bởi nhà thiết kế của Nike khi đó là ô Bruce Kilgore với định vị là dòng giày dành cho dân chơi bóng rổ. Dĩ nhiên, sản phẩm vô cùng thành công đến bây giờ...',7,'admin123'),(3,'Những lý do khiến giày Adidas Stan Smith “bất tử”','<p style=\"margin-bottom: 0.9rem; color: rgb(47, 49, 50); font-family: Lora, sans-serif; text-align: justify;\"><span style=\"font-family: system-ui;\">Giày Adidas Stan Smith là biểu tượng thời trang vượt thời đại, có sức ảnh hưởng mạnh mẽ đến giới mộ điệu thời trang. Thế nhưng, trước khi “nền văn hóa sát mặt đất” này được quan tâm và chú ý như hiện nay, “lãnh địa” của những đôi giày thể thao chỉ gói gọn trong giới vận động viên. Trong khi các thương hiệu tên tuổi như Nike, Reebok… đối đầu nhau trong chặng đua giày bóng rổ, liên tục kết hợp với các vận động viên nổi tiếng để cho ra mắt các dòng giàyJordan, Shaq thì Adidas chọn quần vợt là tầm ngắm của mình.</span></p><p style=\"margin-bottom: 0.9rem; color: rgb(47, 49, 50); font-family: Lora, sans-serif; text-align: justify;\"><a href=\"https://fashionbible.vn/xu-huong-thoi-trang/cac-loai-giay-sneaker-nen-so-huu-trong-nam-2017.html\" style=\"text-decoration-line: none; color: rgb(0, 0, 0); box-shadow: none;\"><span style=\"font-family: system-ui;\">Air Jordan</span></a><span style=\"font-family: system-ui;\">, Shaq … tập trung vào thiết kế to, dày, mạnh mẽ với phối màu nổi bật. Ngược lại, Adidas chọn cho “con cưng” của mình một dáng vẻ vô cùng đơn giản. Có lẽ ít ai ngờ rằng thiết kế tinh giản này của Stan Smith lại là lý do khiến nó trở thành một trong những cái tên trường tồn với thời gian.</span></p><h2 style=\"margin-top: 0.5rem; margin-bottom: 1rem; font-family: Lora, sans-serif; color: rgb(47, 49, 50); font-size: 22px; text-align: justify;\"><span style=\"font-family: system-ui;\">1. Lịch sử lâu đời của “gã khổng lồ” mang tên Stan Smith</span></h2><p style=\"margin-bottom: 0.9rem; color: rgb(47, 49, 50); font-family: Lora, sans-serif; text-align: justify;\"><br>Trước khi mang tên Stan Smith, đôi giày huyền thoại này là sản phẩm kết hợp giữa Adidas và Robert Haillet – vận động viên quần vợt sáng giá bấy giờ. Thế nhưng, “mối lương duyên” này phải cắt đứt khi Haillet từ giã sự nghiệp. Và Stan Smith là cái tên tiếp theo được “kế vị” ngôi vua này. Khuôn mặt và tên của ông được in trên phần lưỡi giày và phía sau gót. Cho đến bây giờ, những chi tiết này vẫn còn vẹn nguyên.</p><div id=\"attachment_53066\" class=\"wp-caption aligncenter\" style=\"clear: both; margin-left: auto; margin-right: auto; margin-bottom: 1.25rem; max-width: 100%; color: rgb(47, 49, 50); font-family: Lora, sans-serif; text-align: justify; width: 600px;\"><img loading=\"lazy\" class=\"wp-image-53066\" title=\"Giày Adidas Stan Smith trứ danh với nét biến tấu lạ mắt\" src=\"https://www.fashionbible.vn/wp-content/images/2017/07/03/giay-adidas-stan-smith-800x533.jpg\" alt=\"Giày Adidas Stan Smith trứ danh với nét biến tấu lạ mắt\" width=\"600\" height=\"400\" style=\"border-width: initial; border-color: initial; border-image: initial; height: auto; max-width: 100%; display: block; margin-left: auto; margin-right: auto; border-radius: 0px; box-shadow: none;\"><p style=\"margin-bottom: 0.9rem;\"></p><div class=\"wp-caption-text\" style=\"margin: 0px;\">Giày Adidas Stan Smith trứ danh với nét biến tấu lạ mắt</div></div><p style=\"margin-bottom: 0.9rem; color: rgb(47, 49, 50); font-family: Lora, sans-serif; text-align: justify;\"></p><p style=\"margin-bottom: 0.9rem; color: rgb(47, 49, 50); font-family: Lora, sans-serif; text-align: justify;\"></p><div id=\"attachment_53067\" class=\"wp-caption aligncenter\" style=\"clear: both; margin-left: auto; margin-right: auto; margin-bottom: 1.25rem; max-width: 100%; color: rgb(47, 49, 50); font-family: Lora, sans-serif; text-align: justify; width: 600px;\"><img loading=\"lazy\" class=\"wp-image-53067\" title=\"Thiết kế đơn giản của đôi giày trứ danh nhà Adidas\" src=\"https://www.fashionbible.vn/wp-content/images/2017/07/03/giay-adidas-stan-smith-3-800x533.jpg\" alt=\"Giày Adidas Stan Smith trứ danh với thiết kế đơn giản\" width=\"600\" height=\"400\" style=\"border-width: initial; border-color: initial; border-image: initial; height: auto; max-width: 100%; display: block; margin-left: auto; margin-right: auto; border-radius: 0px; box-shadow: none;\"><p style=\"margin-bottom: 0.9rem;\"></p><div class=\"wp-caption-text\" style=\"margin: 0px;\">Thiết kế đơn giản là một trong những lý do khiến đôi giày này trở thành huyền thoại</div></div><p style=\"margin-bottom: 0.9rem; color: rgb(47, 49, 50); font-family: Lora, sans-serif; text-align: justify;\"></p><p style=\"margin-bottom: 0.9rem; color: rgb(47, 49, 50); font-family: Lora, sans-serif; text-align: justify;\"></p><div id=\"attachment_53068\" class=\"wp-caption aligncenter\" style=\"clear: both; margin-left: auto; margin-right: auto; margin-bottom: 1.25rem; max-width: 100%; color: rgb(47, 49, 50); font-family: Lora, sans-serif; text-align: justify; width: 600px;\"><img loading=\"lazy\" class=\"wp-image-53068\" title=\"Giày Adidas Stan Smith kết hợp với trang phục thời thượng\" src=\"https://www.fashionbible.vn/wp-content/images/2017/07/03/giay-adidas-stan-smith-5-800x1200.jpg\" alt=\"Giày Adidas Stan Smith kết hợp với trang phục thời thượng\" width=\"600\" height=\"900\" style=\"border-width: initial; border-color: initial; border-image: initial; height: auto; max-width: 100%; display: block; margin-left: auto; margin-right: auto; border-radius: 0px; box-shadow: none;\"><p style=\"margin-bottom: 0.9rem;\"></p><div class=\"wp-caption-text\" style=\"margin: 0px;\">Đôi giày quyền năng này cho phép bạn biến hóa với mọi loại trang phục</div></div><h2 style=\"margin-top: 0.5rem; margin-bottom: 1rem; font-family: Lora, sans-serif; color: rgb(47, 49, 50); font-size: 22px; text-align: justify;\">2. Thiết kế đơn giản mà đầy quyền năng</h2><p style=\"margin-bottom: 0.9rem; color: rgb(47, 49, 50); font-family: Lora, sans-serif; text-align: justify;\"><br>Bất chấp những biến động, thay đổi liên tục trong xu hướng thời trang, giày Adidas Stan Smith vẫn một mực trung thành với thiết kế đơn giản của mình. Toàn thân màu trắng với chi tiết ba sọc được thay thế bằng ba hàng lỗ nhỏ, đây là một trong những dòng giày tối giản và đẹp nhất của Adidas. Các phối mà chủ yếu thể hiện ở phác họa gương mặt Stan Smith trên lưỡi giày và phần gót với logo cỏ ba lá.</p><p style=\"margin-bottom: 0.9rem; color: rgb(47, 49, 50); font-family: Lora, sans-serif; text-align: justify;\"><img loading=\"lazy\" class=\"aligncenter wp-image-53075\" title=\"Các phối màu thú vị của giày Adidas Stan Smith\" src=\"https://www.fashionbible.vn/wp-content/images/2017/07/03/giay-adidas-stan-smith-2-800x450.jpg\" alt=\"Giày Adidas Stan Smith với các phối màu thú vị\" width=\"600\" height=\"338\" style=\"border-width: initial; border-color: initial; border-image: initial; height: auto; max-width: 100%; clear: both; display: block; margin-left: auto; margin-right: auto; border-radius: 0px; box-shadow: none;\"></p><p style=\"margin-bottom: 0.9rem; color: rgb(47, 49, 50); font-family: Lora, sans-serif; text-align: justify;\"></p><div id=\"attachment_53079\" class=\"wp-caption aligncenter\" style=\"clear: both; margin-left: auto; margin-right: auto; margin-bottom: 1.25rem; max-width: 100%; color: rgb(47, 49, 50); font-family: Lora, sans-serif; text-align: justify; width: 600px;\"><img loading=\"lazy\" class=\"wp-image-53079\" title=\"Thiết kế đơn giản của Adidas Stan Smith\" src=\"https://www.fashionbible.vn/wp-content/images/2017/07/03/giay-adidas-stan-smith-14-800x525.jpg\" alt=\"Thiết kế đơn giản mà quyền năng\" width=\"600\" height=\"394\" style=\"border-width: initial; border-color: initial; border-image: initial; height: auto; max-width: 100%; display: block; margin-left: auto; margin-right: auto; border-radius: 0px; box-shadow: none;\"><p style=\"margin-bottom: 0.9rem;\"></p><div class=\"wp-caption-text\" style=\"margin: 0px;\">Có thể dễ dàng nhận ra những đôi giày huyền thoại như Converse Chuck Taylor, Nike Air Force 1 và Adidas Stan Smith đều có một điểm chung: thiết kế vô cùng đơn giản</div></div><p style=\"margin-bottom: 0.9rem; color: rgb(47, 49, 50); font-family: Lora, sans-serif; text-align: justify;\">Giày Adidas Stan Smith bán chạy hơn cả “người anh em” Adidas Samba đình đám trước đó. Thiết kế của Samba đã đơn giản và tinh tế, Stan Smith lại là một đẳng cấp khác với sức sống bền bỉ và mạnh mẽ. Đặc biệt, Adidas còn rất biết cách yêu chiều các fan của mình bằng cách liên tục tung ra các phiên bản thú vị với chất liệu da lộn, da rắn… hay kết hợp với các nghệ sĩ nổi tiếng. Sự mới mẻ này khiến giày Adidas Stan Smith luôn giữ được sức hút của mình.</p><div id=\"attachment_53069\" class=\"wp-caption aligncenter\" style=\"clear: both; margin-left: auto; margin-right: auto; margin-bottom: 1.25rem; max-width: 100%; color: rgb(47, 49, 50); font-family: Lora, sans-serif; text-align: justify; width: 600px;\"><img loading=\"lazy\" class=\"wp-image-53069\" title=\"Một trong những phiên bản đặc biệt của Stan Smith\" src=\"https://www.fashionbible.vn/wp-content/images/2017/07/03/giay-adidas-stan-smith-1-800x517.jpg\" alt=\"Stan Smith với phối màu đặc biệt\" width=\"600\" height=\"388\" style=\"border-width: initial; border-color: initial; border-image: initial; height: auto; max-width: 100%; display: block; margin-left: auto; margin-right: auto; border-radius: 0px; box-shadow: none;\"><p style=\"margin-bottom: 0.9rem;\"></p><div class=\"wp-caption-text\" style=\"margin: 0px;\">Adidas liên tục tung ra những “phiên bản” mới lạ khiến các sneakerhead đứng ngồi không yên</div></div><p style=\"margin-bottom: 0.9rem; color: rgb(47, 49, 50); font-family: Lora, sans-serif; text-align: justify;\"></p><p style=\"margin-bottom: 0.9rem; color: rgb(47, 49, 50); font-family: Lora, sans-serif; text-align: justify;\"></p><div id=\"attachment_53083\" class=\"wp-caption aligncenter\" style=\"clear: both; margin-left: auto; margin-right: auto; margin-bottom: 1.25rem; max-width: 100%; color: rgb(47, 49, 50); font-family: Lora, sans-serif; text-align: justify; width: 600px;\"><img loading=\"lazy\" class=\"wp-image-53083\" title=\"Raf Simons là chủ nhân của những thiết kế Stan Smith độc đáo này\" src=\"https://www.fashionbible.vn/wp-content/images/2017/07/03/giay-adidas-stan-smith-4-800x562.jpg\" alt=\"Adidas Stan Smith phiên bản của Raf Simons\" width=\"600\" height=\"421\" style=\"border-width: initial; border-color: initial; border-image: initial; height: auto; max-width: 100%; display: block; margin-left: auto; margin-right: auto; border-radius: 0px; box-shadow: none;\"><p style=\"margin-bottom: 0.9rem;\"></p><div class=\"wp-caption-text\" style=\"margin: 0px;\">Phiên bản đặc biệt của Stan Smith trong sự kết hợp với nhà thiết kế tài ba Raf Simons</div></div><h2 style=\"margin-top: 0.5rem; margin-bottom: 1rem; font-family: Lora, sans-serif; color: rgb(47, 49, 50); font-size: 22px; text-align: justify;\">3. Dễ dàng kết hợp</h2><p style=\"margin-bottom: 0.9rem; color: rgb(47, 49, 50); font-family: Lora, sans-serif; text-align: justify;\"><br>Dòng&nbsp;<a href=\"https://fashionbible.vn/celebrity-style/7-item-khong-thieu-khi-cac-sao-ra-san-bay.html\" style=\"text-decoration-line: none; color: rgb(0, 0, 0); box-shadow: none;\">Yeezy</a>&nbsp;nổi đình nổi đám hiện nay cũng được ưa chuộng bởi thiết kế vô cùng đơn giản và phù hợp với nhiều cách phối đồ. Tuy nhiên, Yeezy vẫn mang dáng dấp thể thao khỏe khoắn chứ không có được nét thanh lịch, sang trọng như Stan Smith. Đó là lý do đôi giày này có thể diện với bất kỳ trang phục nào, trong bất kỳ hoàn cảnh nào. Các nàng có thể diện với chân váy hay&nbsp;<a href=\"https://fashionbible.vn/xu-huong-thoi-trang/thuot-tha-luot-qua-mua-cung-4-kieu-dam-maxi-chuan-xu-huong-2017.html\" style=\"text-decoration-line: none; color: rgb(0, 0, 0); box-shadow: none;\">đầm maxi</a>, các chàng có thể kết hợp với suit lịch lãm hay đồ thể thao năng động đều được.</p><div id=\"attachment_53085\" class=\"wp-caption aligncenter\" style=\"clear: both; margin-left: auto; margin-right: auto; margin-bottom: 1.25rem; max-width: 100%; color: rgb(47, 49, 50); font-family: Lora, sans-serif; text-align: justify; width: 600px;\"><img loading=\"lazy\" class=\"wp-image-53085\" title=\"Adidas Stan Smith là con cưng của cả phái nam và phái nữ\" src=\"https://www.fashionbible.vn/wp-content/images/2017/07/03/giay-adidas-stan-smith-6-800x1406.jpg\" alt=\"Adidas Stan Smith là đứa con cưng của mọi tín đồ thời trang\" width=\"600\" height=\"1054\" style=\"border-width: initial; border-color: initial; border-image: initial; height: auto; max-width: 100%; display: block; margin-left: auto; margin-right: auto; border-radius: 0px; box-shadow: none;\"><p style=\"margin-bottom: 0.9rem;\"></p><div class=\"wp-caption-text\" style=\"margin: 0px;\">Giày Adidas Stan Smith xuất hiện trong mọi trang phục của giới mộ điệu thời trang</div></div><p style=\"margin-bottom: 0.9rem; color: rgb(47, 49, 50); font-family: Lora, sans-serif; text-align: justify;\"></p><p style=\"margin-bottom: 0.9rem; color: rgb(47, 49, 50); font-family: Lora, sans-serif; text-align: justify;\"></p><div id=\"attachment_53086\" class=\"wp-caption aligncenter\" style=\"clear: both; margin-left: auto; margin-right: auto; margin-bottom: 1.25rem; max-width: 100%; color: rgb(47, 49, 50); font-family: Lora, sans-serif; text-align: justify; width: 600px;\"><img loading=\"lazy\" class=\"wp-image-53086\" title=\"Adidas Stan Smith hợp với mọi trang phục\" src=\"https://www.fashionbible.vn/wp-content/images/2017/07/03/giay-adidas-stan-smith-9.jpg\" alt=\"Adidas Stan Smith hợp với mọi trang phục\" width=\"600\" height=\"902\" style=\"border-width: initial; border-color: initial; border-image: initial; height: auto; max-width: 100%; display: block; margin-left: auto; margin-right: auto; border-radius: 0px; box-shadow: none;\"><p style=\"margin-bottom: 0.9rem;\"></p><div class=\"wp-caption-text\" style=\"margin: 0px;\">Cả khi diện cùng suit, giày Adidas Stan Smith vẫn vô cùng phù hợp</div></div><p style=\"margin-bottom: 0.9rem; color: rgb(47, 49, 50); font-family: Lora, sans-serif; text-align: justify;\"></p><p style=\"margin-bottom: 0.9rem; color: rgb(47, 49, 50); font-family: Lora, sans-serif; text-align: justify;\"></p><div id=\"attachment_53090\" class=\"wp-caption aligncenter\" style=\"clear: both; margin-left: auto; margin-right: auto; margin-bottom: 1.25rem; max-width: 100%; color: rgb(47, 49, 50); font-family: Lora, sans-serif; text-align: justify; width: 600px;\"><img loading=\"lazy\" class=\"wp-image-53090\" title=\"Adidas Stan Smith với trang phục năng động\" src=\"https://www.fashionbible.vn/wp-content/images/2017/07/03/giay-adidas-stan-smith-11-800x1198.jpg\" alt=\"Adidas Stan Smith với trang phục năng động\" width=\"600\" height=\"898\" style=\"border-width: initial; border-color: initial; border-image: initial; height: auto; max-width: 100%; display: block; margin-left: auto; margin-right: auto; border-radius: 0px; box-shadow: none;\"><p style=\"margin-bottom: 0.9rem;\"></p><div class=\"wp-caption-text\" style=\"margin: 0px;\">Dù là kiểu trang phục năng động, cá tính…</div></div><p style=\"margin-bottom: 0.9rem; color: rgb(47, 49, 50); font-family: Lora, sans-serif; text-align: justify;\"></p><p style=\"margin-bottom: 0.9rem; color: rgb(47, 49, 50); font-family: Lora, sans-serif; text-align: justify;\"></p><div id=\"attachment_53087\" class=\"wp-caption aligncenter\" style=\"clear: both; margin-left: auto; margin-right: auto; margin-bottom: 1.25rem; max-width: 100%; color: rgb(47, 49, 50); font-family: Lora, sans-serif; text-align: justify; width: 600px;\"><img loading=\"lazy\" class=\"wp-image-53087\" title=\"Adidas Stan Smith và khả năng biến hóa linh hoạt của mình\" src=\"https://www.fashionbible.vn/wp-content/images/2017/07/03/giay-adidas-stan-smith-12-800x533.jpg\" alt=\"Adidas Stan Smith và khả năng biến hóa linh hoạt của mình\" width=\"600\" height=\"400\" style=\"border-width: initial; border-color: initial; border-image: initial; height: auto; max-width: 100%; display: block; margin-left: auto; margin-right: auto; border-radius: 0px; box-shadow: none;\"><p style=\"margin-bottom: 0.9rem;\"></p><div class=\"wp-caption-text\" style=\"margin: 0px;\">Hay lịch lãm, Adidas Stan Smith đều có thể đồng hành cùng bạn</div></div><p style=\"margin-bottom: 0.9rem; color: rgb(47, 49, 50); font-family: Lora, sans-serif; text-align: justify;\"></p><p style=\"margin-bottom: 0.9rem; color: rgb(47, 49, 50); font-family: Lora, sans-serif; text-align: justify;\"></p><div id=\"attachment_53088\" class=\"wp-caption aligncenter\" style=\"clear: both; margin-left: auto; margin-right: auto; margin-bottom: 1.25rem; max-width: 100%; color: rgb(47, 49, 50); font-family: Lora, sans-serif; text-align: justify; width: 600px;\"><img loading=\"lazy\" class=\"wp-image-53088\" title=\"Adidas Stan Smith khi diện cùng váy\" src=\"https://www.fashionbible.vn/wp-content/images/2017/07/03/giay-adidas-stan-smith-8-800x1200.jpg\" alt=\"Váy áo điệu đà kết hợp cùng giày Adidas Stan Smith\" width=\"600\" height=\"900\" style=\"border-width: initial; border-color: initial; border-image: initial; height: auto; max-width: 100%; display: block; margin-left: auto; margin-right: auto; border-radius: 0px; box-shadow: none;\"><p style=\"margin-bottom: 0.9rem;\"></p><div class=\"wp-caption-text\" style=\"margin: 0px;\">Adidas Stan Smith cũng không hề kén khi phối cùng váy áo điệu đà</div></div><p style=\"margin-bottom: 0.9rem; color: rgb(47, 49, 50); font-family: Lora, sans-serif; text-align: justify;\"></p>','2022-09-03 23:38:42','2023-03-15 19:45:30',1,1,'nhung-ly-do-khien-giay-adidas-stan-smith-bat-tu-1634301929720',1,'Stan Smith','/blogs/avatars/giay-adidas-stan-smith-800x533.jpg','Giày Adidas Stan Smith là biểu tượng thời trang vượt thời đại, có sức ảnh hưởng mạnh mẽ đến giới mộ điệu thời trang. Thế nhưng, trước khi “nền văn hóa sát mặt đất” này được quan tâm và chú ý như hiện nay, “lãnh địa” của những đôi giày thể thao chỉ gói gọn trong giới vận động viên. Trong khi các thương hiệu tên tuổi như Nike, Reebok… đối đầu nhau trong chặng đua giày bóng rổ, liên tục kết hợp với các vận động viên nổi tiếng để cho ra mắt các dòng giàyJordan, Shaq thì Adidas chọn quần vợt là tầm ngắm của mình...',3,'admin123');
/*!40000 ALTER TABLE `tbl_blog` ENABLE KEYS */;
UNLOCK TABLES;

--
-- Table structure for table `tbl_category`
--

DROP TABLE IF EXISTS `tbl_category`;
/*!40101 SET @saved_cs_client     = @@character_set_client */;
/*!50503 SET character_set_client = utf8mb4 */;
CREATE TABLE `tbl_category` (
  `id` int NOT NULL AUTO_INCREMENT,
  `name` varchar(100) CHARACTER SET utf8mb4 COLLATE utf8mb4_bin NOT NULL,
  `description` longtext CHARACTER SET utf8mb4 COLLATE utf8mb4_bin NOT NULL,
  `created_date` datetime DEFAULT NULL,
  `updated_date` datetime DEFAULT NULL,
  `created_by` int DEFAULT NULL,
  `updated_by` int DEFAULT NULL,
  `parent_id` int DEFAULT NULL,
  `status` tinyint(1) DEFAULT NULL,
  `seo` varchar(100) CHARACTER SET cp1250 COLLATE cp1250_general_ci DEFAULT NULL,
  PRIMARY KEY (`id`),
  KEY `fk_internal_idx` (`parent_id`),
  CONSTRAINT `fk_internal` FOREIGN KEY (`parent_id`) REFERENCES `tbl_category` (`id`) ON DELETE CASCADE ON UPDATE RESTRICT
) ENGINE=InnoDB AUTO_INCREMENT=66 DEFAULT CHARSET=utf8mb4 COLLATE=utf8mb4_bin;
/*!40101 SET character_set_client = @saved_cs_client */;

--
-- Dumping data for table `tbl_category`
--

LOCK TABLES `tbl_category` WRITE;
/*!40000 ALTER TABLE `tbl_category` DISABLE KEYS */;
INSERT INTO `tbl_category` VALUES (3,'Adidas','<p>Gồm các sản phẩm giày Adidas</p>','2023-02-07 21:34:24','2023-02-07 21:34:24',1,1,NULL,1,'adidas'),(4,'Nike','<p>Gồm các sản phẩm giày Nike</p>','2023-02-07 21:34:10','2023-02-07 21:34:10',1,1,NULL,1,'nike'),(5,'Hãng Khác','<p>gồm Balenciaga, Mcqueen, Gucci, MLB, New Balance, ...</p>','2023-02-14 00:05:54','2023-02-15 21:36:19',1,NULL,NULL,1,'hang-khac'),(6,'VANS','<p>Gồm các loại giày Vans</p>','2023-02-07 21:33:56','2023-02-07 21:33:56',1,1,NULL,1,'vans'),(7,'Converse','<p>Gồm các loại giày Converse</p>','2023-02-07 21:34:01','2023-02-07 21:34:01',1,1,NULL,1,'converse'),(9,'Accessories','<p>Gồm các sản phẩm phụ kiện</p>','2023-02-07 21:34:07','2023-02-07 21:34:07',1,1,NULL,1,'accessories'),(11,'Fashion','<p>Gồm các sản phẩm quần áo</p>','2023-02-07 21:34:16','2023-02-07 21:34:16',1,1,NULL,1,'fashion'),(12,'Adidas Deerupt Runner','<p>Gồm các loại giày Adidas Deerupt Runner</p>','2023-02-13 17:56:36','2023-02-13 17:56:36',1,1,3,1,'adidas-deerupt-runner'),(13,'Adidas Falcon','<p>Gồm các loại giày Adidas Falcon</p>','2023-02-13 17:56:56','2023-02-13 17:56:56',1,1,3,1,'adidas-falcon'),(14,'Adidas OZWEEGO','Gồm các loại giày Adidas OZWEEGO','2023-02-13 17:56:25','2023-02-13 17:56:25',1,1,3,1,'adidas-ozweego'),(15,'Giày đá bóng Adidas','<p>Gồm các loại giày bóng đá Adidas</p>','2023-02-13 17:55:22','2023-02-13 17:55:22',1,1,3,1,'giay-a-bong-adidas'),(16,'Adidas NMD','<p>Gồm các loại giày Adidas NMD</p>','2023-02-13 17:54:55','2023-02-13 17:54:55',1,1,3,1,'adidas-nmd'),(17,'Adidas Ultraboost','<p>Gồm các loại giày Adidas Ultraboost</p>','2023-02-13 17:55:56','2023-02-13 17:55:56',1,1,3,1,'adidas-ultraboost'),(18,'Adidas Stan Smith','<p>Gồm các loại giày Adidas Stan Smith</p>','2023-02-13 17:56:01','2023-02-13 17:56:01',1,1,3,1,'adidas-stan-smith'),(19,'Adidas SuperStar','<p>Gồm các loại giày Adidas SuperStar</p>','2023-02-13 17:54:43','2023-02-13 17:54:43',1,1,3,1,'adidas-superstar'),(20,'Dép Adidas','<p>Gồm các loại dép Adidas</p>','2023-02-07 21:35:37','2023-02-07 21:35:37',1,1,3,1,'dep-adidas'),(22,'Nike AirForce1','<p>Giày Nike AirForce 1</p>','2023-02-13 17:55:07','2023-02-16 17:23:23',1,57,4,1,'nike-airforce1'),(23,'Nike AirMax','<p>Giày Nike AirMax</p>','2023-02-13 17:55:13','2023-02-13 17:55:13',1,1,4,1,'nike-airmax'),(24,'Nike Blazer','<p>Giày Nike Blazer</p>','2023-02-13 17:57:35','2023-02-13 17:57:35',1,1,4,1,'nike-blazer'),(25,'Nike Cortez','<p>Giày Nike Cortez</p>','2023-02-13 17:58:19','2023-02-13 17:58:19',1,1,4,1,'nike-cortez'),(26,'Nike Jordan','<p>Giày Nike Jordan</p>','2023-02-13 17:58:49','2023-02-13 17:58:49',1,1,4,1,'nike-jordan'),(27,'Vans Old Skool','<p>Giày Vans Old Skool</p>','2023-02-13 17:59:54','2023-02-13 17:59:54',1,1,6,1,'vans-old-skool'),(28,'Vans Slip On','<p>Giày Vans Slip On</p>','2023-02-13 18:00:34','2023-02-13 18:00:34',1,1,6,1,'vans-slip-on'),(29,'Vans SK8-Hi','<p>Giày Vans SK8-Hi</p>','2023-02-13 18:01:04','2023-04-11 10:24:16',1,163,6,1,'vans-sk8-hi'),(30,'Converse 1970s','<p>Giày Converse 1970s</p>','2023-02-13 18:01:52','2023-02-13 18:01:52',1,1,7,1,'converse-1970s'),(31,'Converse All Star','<p>Giày Converse All Star</p>','2023-02-13 18:02:28','2023-02-13 18:02:28',1,1,7,1,'converse-all-star'),(32,'Converse Classic','<p>Giày Converse Classic</p>','2023-02-13 18:03:00','2023-02-13 18:03:00',1,1,7,1,'converse-classic'),(33,'Palladium','<p>Palladium shoes</p>','2023-02-14 00:23:34','2023-04-10 14:11:21',1,NULL,5,1,'palladium'),(34,'New Balance','<p>Giày New Balance</p>','2023-02-14 00:24:07','2023-03-08 22:32:55',1,NULL,5,1,'new-balance'),(35,'Balenciaga','<p>Giày Balenciaga Sneaker</p>','2023-02-14 00:24:38','2023-02-16 00:44:03',1,1,5,1,'balenciaga');
/*!40000 ALTER TABLE `tbl_category` ENABLE KEYS */;
UNLOCK TABLES;

--
-- Table structure for table `tbl_comment`
--

DROP TABLE IF EXISTS `tbl_comment`;
/*!40101 SET @saved_cs_client     = @@character_set_client */;
/*!50503 SET character_set_client = utf8mb4 */;
CREATE TABLE `tbl_comment` (
  `id` int NOT NULL AUTO_INCREMENT,
  `full_name` varchar(200) CHARACTER SET utf8mb4 COLLATE utf8mb4_bin NOT NULL,
  `email` varchar(200) CHARACTER SET utf8mb4 COLLATE utf8mb4_bin NOT NULL,
  `comment` varchar(2000) CHARACTER SET utf8mb4 COLLATE utf8mb4_bin NOT NULL,
  `blog_id` int NOT NULL,
  `created_date` datetime DEFAULT NULL,
  `updated_date` datetime DEFAULT NULL,
  `user_id` int DEFAULT NULL,
  `updated_by` int DEFAULT NULL,
  `status` tinyint(1) DEFAULT NULL,
  `avatar` varchar(200) CHARACTER SET utf8mb4 COLLATE utf8mb4_bin DEFAULT NULL,
  `id_ajax` int DEFAULT NULL,
  `created_by` int DEFAULT NULL,
  PRIMARY KEY (`id`),
  KEY `fk_blog_idx` (`blog_id`),
  KEY `fk_user_idx` (`user_id`),
  KEY `fk_us_idx` (`user_id`),
  CONSTRAINT `fk_blog` FOREIGN KEY (`blog_id`) REFERENCES `tbl_blog` (`id`) ON DELETE CASCADE ON UPDATE RESTRICT,
  CONSTRAINT `fk_us` FOREIGN KEY (`user_id`) REFERENCES `tbl_users` (`id`) ON DELETE CASCADE ON UPDATE RESTRICT
) ENGINE=InnoDB AUTO_INCREMENT=73 DEFAULT CHARSET=utf8mb4 COLLATE=utf8mb4_bin;
/*!40101 SET character_set_client = @saved_cs_client */;

--
-- Dumping data for table `tbl_comment`
--

LOCK TABLES `tbl_comment` WRITE;
/*!40000 ALTER TABLE `tbl_comment` DISABLE KEYS */;
INSERT INTO `tbl_comment` VALUES (38,'Nguyễn Thị Quỳnh','quynhlt@gmail.com','nice shop!',1,'2022-10-18 15:42:55',NULL,NULL,NULL,1,'user/Images/IMAGE2/avatar.jpg',1,NULL),(42,'Nguyễn Văn A','nguyenvana@gmail.com','hay quá !',1,'2022-10-23 21:53:09',NULL,NULL,NULL,1,'user/Images/IMAGE2/avatar.jpg',1,NULL),(43,'Nguyễn A','tinhtrang0527@gmail.com','hay quá!',3,'2022-10-23 23:33:15',NULL,NULL,NULL,1,'user/Images/IMAGE2/avatar.jpg',3,NULL),(44,'Nguyen Tien Dung','dung.ntt992001@gmail.com','hello!!!',3,'2022-10-23 23:36:14',NULL,NULL,NULL,1,'user/Images/IMAGE2/avatar.jpg',3,NULL),(45,'Nguyễn Quang Thắng','dung.ntt992001@gmail.com','fdsgfdg',3,'2022-10-23 23:37:30',NULL,NULL,NULL,1,'user/Images/IMAGE2/avatar.jpg',3,NULL),(48,'Nguyễn A','dung.ntt992001@gmail.com','fsdfds',1,'2022-03-30 17:25:13',NULL,NULL,NULL,1,'user/Images/IMAGE2/avatar.jpg',1,NULL),(50,'Nguyen Tien Dung','svgxh01@gmail.com','tình1',1,'2022-04-10 20:57:29',NULL,57,NULL,1,NULL,1,NULL),(54,'Nguyễn An','dung.ntt992001@gmail.com','Hay quá',2,'2022-04-10 22:12:56',NULL,NULL,NULL,1,'user/Images/IMAGE2/avatar.jpg',NULL,NULL),(61,'Nguyễn Hùng','dung.ntt992001@gmail.com','quá hay!',2,'2022-04-10 22:32:43',NULL,NULL,NULL,1,'user/Images/IMAGE2/avatar.jpg',NULL,NULL),(62,'Nguyễn A','dung.ntt992001@gmail.com','Giày đẹp',2,'2022-04-15 18:02:08',NULL,NULL,NULL,1,'user/Images/IMAGE2/avatar.jpg',NULL,NULL),(68,'Luke Nguyễn','dung.ntt992001@gmail.com','hay qua ah',2,'2022-05-05 22:20:18',NULL,NULL,NULL,1,'user/Images/IMAGE2/avatar.jpg',NULL,NULL),(69,'Luke Nguyễn','dung.ntt992001@gmail.com','hayyyyy',1,'2022-05-05 22:26:31',NULL,NULL,NULL,1,'user/Images/IMAGE2/avatar.jpg',NULL,NULL),(72,'Nguyễn Thế Tiến Dũng','dung.ntt92001@gmail.com','Đây là 1 comment test',1,'2023-05-07 18:07:00',NULL,158,NULL,1,NULL,NULL,NULL);
/*!40000 ALTER TABLE `tbl_comment` ENABLE KEYS */;
UNLOCK TABLES;

--
-- Table structure for table `tbl_contact`
--

DROP TABLE IF EXISTS `tbl_contact`;
/*!40101 SET @saved_cs_client     = @@character_set_client */;
/*!50503 SET character_set_client = utf8mb4 */;
CREATE TABLE `tbl_contact` (
  `id` int NOT NULL AUTO_INCREMENT,
  `full_name` varchar(100) CHARACTER SET utf8mb4 COLLATE utf8mb4_bin NOT NULL,
  `email` varchar(100) CHARACTER SET utf8mb4 COLLATE utf8mb4_bin NOT NULL,
  `phone_number` varchar(100) CHARACTER SET utf8mb4 COLLATE utf8mb4_bin NOT NULL,
  `message` varchar(1000) CHARACTER SET utf8mb4 COLLATE utf8mb4_bin NOT NULL,
  `created_date` datetime DEFAULT NULL,
  `updated_date` datetime DEFAULT NULL,
  `created_by` int DEFAULT NULL,
  `updated_by` int DEFAULT NULL,
  `status` tinyint(1) DEFAULT NULL,
  PRIMARY KEY (`id`)
) ENGINE=InnoDB AUTO_INCREMENT=77 DEFAULT CHARSET=utf8mb4 COLLATE=utf8mb4_bin;
/*!40101 SET character_set_client = @saved_cs_client */;

--
-- Dumping data for table `tbl_contact`
--

LOCK TABLES `tbl_contact` WRITE;
/*!40000 ALTER TABLE `tbl_contact` DISABLE KEYS */;
INSERT INTO `tbl_contact` VALUES (6,'Nguyễn Thế Tiến Dũng','cautunn0501@gmail.com','0984138630','hello shop!','2022-09-15 21:33:32',NULL,NULL,NULL,1),(37,'Nguyen Tien Dung','cautunn0501@gmail.com','0984138630','xxx','2022-09-18 09:15:27',NULL,NULL,NULL,1),(39,'Nguyen Van A','cautunn0501@gmail.com','0984138630','abc','2022-09-18 16:33:16',NULL,NULL,NULL,1),(40,'Nguyen Van A','cautunn0501@gmail.com','0984138630','xxxsweqe','2022-09-18 16:55:44',NULL,NULL,NULL,1),(41,'Nguyen Van A','tinhtrang0527@gmail.com','0984138630','abc','2022-09-29 16:24:39',NULL,NULL,NULL,1),(42,'Phan Lan Anh','cautunn0501@gmail.com','343535','dfhfghfghfg','2022-09-29 16:29:58',NULL,NULL,NULL,1),(47,'Phan Lan Anh','cautunn0501@gmail.com','0981982267','fdsgfdhdf','2022-10-08 23:21:48','2022-10-15 23:03:11',NULL,NULL,1),(50,'Nguyen Van A','dcmha1703@gmail.com','0981982267','gdfghfd','2022-10-15 23:17:12',NULL,NULL,NULL,1),(51,'Nguyen Van A','dcmha1703@gmail.com','0981982267','r','2022-10-15 23:18:49',NULL,NULL,NULL,1),(52,'Nguyễn Tiến Dũng','cautunn0501@gmail.com','0333333333','fhfgjhfgjfg','2022-10-27 12:00:36',NULL,NULL,NULL,1),(53,'Nguyen Van A','cautunn0501@gmail.com','0981982267','hfdgsdfgdl','2022-10-27 12:01:14',NULL,NULL,NULL,1),(54,'Nguyen Van A','dcmha1703@gmail.com','0981982267','uykjyui','2022-10-27 12:01:49',NULL,NULL,NULL,1),(55,'Nguyen Van A','dcmha1703@gmail.com','0981982267','dfsdfsdf','2022-10-27 12:02:36',NULL,NULL,NULL,1),(56,'Nguyen Van A','cautunn0501@gmail.com','0981982267','fdgdfgdfgdfg','2022-10-27 20:05:51',NULL,NULL,NULL,1),(57,'Nguyen Van A','cautunn0501@gmail.com','0981982267','fdgfdg','2022-11-08 12:44:51',NULL,NULL,NULL,1),(58,'Nguyễn Tiến Dũng','cautunn0501@gmail.com','0981982267','dfsgfdg','2022-11-12 20:32:32',NULL,NULL,NULL,1),(59,'Nguyễn Tiến Dũng','cautunn0501@gmail.com','0981982267','gdtutrujyrfgj','2022-11-12 20:42:23',NULL,NULL,NULL,1),(60,'John Smith2000','abc@gmail.com','0981982267','ok shop!','2023-11-23 10:33:05',NULL,NULL,NULL,1),(61,'John Smith2021','abc@gmail.com','0981982267','ok shop!',NULL,'2022-05-07 11:01:13',NULL,57,1),(63,'John Smith2000-2021-2022','abc123@gmail.com','0981982267','ok shop123!','2022-11-24 14:22:12',NULL,NULL,NULL,1),(65,'Nguyen Hung Tinh','tinhtrang0527@gmail.com','0981982267','dd','2023-04-10 22:59:54',NULL,NULL,NULL,1),(66,'Nguyen Hung Tinh','tinhtrang0527@gmail.com','0981982267','send shop','2023-05-04 22:28:21',NULL,NULL,NULL,1),(67,'Nguyen Hung Tinh','tinhtrang0527@gmail.com','0981982267','d','2023-05-04 22:47:29',NULL,NULL,NULL,1),(68,'Nguyen Hung Tinh','tinhtrang0527@gmail.com','0981982267','hihi shop','2023-03-05 22:49:04',NULL,NULL,NULL,1),(73,'Nguyen Hung Tinh','tinhtrang0527@gmail.com','0981982267','f','2023-03-07 11:53:28',NULL,57,NULL,1),(74,'Nguyen Hung Tinh','tinhtrang0527@gmail.com','0981982267','SS','2023-04-09 00:09:12',NULL,NULL,NULL,1),(75,'Nguyen Hung Tinh','tinhtrang0527@gmail.com','0981982267','sss','2023-04-09 00:11:33',NULL,NULL,NULL,1),(76,'Nguyen Hung Tinh','tinhtrang0527@gmail.com','0981982267','dhh','2023-05-01 22:45:08',NULL,NULL,NULL,1);
/*!40000 ALTER TABLE `tbl_contact` ENABLE KEYS */;
UNLOCK TABLES;

--
-- Table structure for table `tbl_product_images`
--

DROP TABLE IF EXISTS `tbl_product_images`;
/*!40101 SET @saved_cs_client     = @@character_set_client */;
/*!50503 SET character_set_client = utf8mb4 */;
CREATE TABLE `tbl_product_images` (
  `id` int NOT NULL AUTO_INCREMENT,
  `title` varchar(500) CHARACTER SET utf8mb4 COLLATE utf8mb4_bin NOT NULL,
  `path` varchar(200) CHARACTER SET utf8mb4 COLLATE utf8mb4_bin NOT NULL,
  `product_id` int NOT NULL,
  `created_date` datetime DEFAULT NULL,
  `updated_date` datetime DEFAULT NULL,
  `created_by` int DEFAULT NULL,
  `updated_by` int DEFAULT NULL,
  `status` tinyint(1) DEFAULT NULL,
  PRIMARY KEY (`id`),
  KEY `fk_product_image_idx` (`product_id`),
  CONSTRAINT `fk_product_productImg` FOREIGN KEY (`product_id`) REFERENCES `tbl_products` (`id`) ON DELETE CASCADE ON UPDATE RESTRICT
) ENGINE=InnoDB AUTO_INCREMENT=629 DEFAULT CHARSET=utf8mb4 COLLATE=utf8mb4_bin;
/*!40101 SET character_set_client = @saved_cs_client */;

--
-- Dumping data for table `tbl_product_images`
--

LOCK TABLES `tbl_product_images` WRITE;
/*!40000 ALTER TABLE `tbl_product_images` DISABLE KEYS */;
INSERT INTO `tbl_product_images` VALUES (1,'Giay_Falcon_Multi_CG6249_42_detail.jpg','/products/pictures/Giay_Falcon_Multi_CG6249_42_detail.jpg',1,NULL,NULL,NULL,NULL,0),(2,'Giay_Falcon_Multi_CG6249_41_detail.jpg','/products/pictures/Giay_Falcon_Multi_CG6249_41_detail.jpg',1,NULL,NULL,NULL,NULL,0),(3,'Giay_Falcon_Multi_CG6249_43_detail.jpg','/products/pictures/Giay_Falcon_Multi_CG6249_43_detail.jpg',1,NULL,NULL,NULL,NULL,0),(4,'Giay_Falcon_Multi_CG6249_03_standard.jpg','/products/pictures/Giay_Falcon_Multi_CG6249_03_standard.jpg',1,NULL,NULL,NULL,NULL,0),(5,'Giay_Falcon_Multi_CG6249_01_standard.jpg','/products/pictures/Giay_Falcon_Multi_CG6249_01_standard.jpg',1,NULL,NULL,NULL,NULL,0),(6,'Giay_Falcon_Multi_CG6249_06_standard.jpg','/products/pictures/Giay_Falcon_Multi_CG6249_06_standard.jpg',1,NULL,NULL,NULL,NULL,0),(7,'Giay_Falcon_Multi_CG6249_02_standard_hover.jpg','/products/pictures/Giay_Falcon_Multi_CG6249_02_standard_hover.jpg',1,NULL,NULL,NULL,NULL,0),(8,'Giay_Falcon_Multi_CG6249_04_standard.jpg','/products/pictures/Giay_Falcon_Multi_CG6249_04_standard.jpg',1,NULL,NULL,NULL,NULL,0),(9,'Giay_Falcon_Multi_CG6249_05_standard.jpg','/products/pictures/Giay_Falcon_Multi_CG6249_05_standard.jpg',1,NULL,NULL,NULL,NULL,0),(10,'Giay_Run_Falcon_2.0_trang_FY5944_03_standard.jpg','/products/pictures/Giay_Run_Falcon_2.0_trang_FY5944_03_standard.jpg',2,NULL,NULL,NULL,NULL,0),(11,'Giay_Run_Falcon_2.0_trang_FY5944_02_standard_hover.jpg','/products/pictures/Giay_Run_Falcon_2.0_trang_FY5944_02_standard_hover.jpg',2,NULL,NULL,NULL,NULL,0),(12,'Giay_Run_Falcon_2.0_trang_FY5944_42_detail.jpg','/products/pictures/Giay_Run_Falcon_2.0_trang_FY5944_42_detail.jpg',2,NULL,NULL,NULL,NULL,0),(13,'Giay_Run_Falcon_2.0_trang_FY5944_41_detail.jpg','/products/pictures/Giay_Run_Falcon_2.0_trang_FY5944_41_detail.jpg',2,NULL,NULL,NULL,NULL,0),(14,'Giay_Run_Falcon_2.0_trang_FY5944_04_standard.jpg','/products/pictures/Giay_Run_Falcon_2.0_trang_FY5944_04_standard.jpg',2,NULL,NULL,NULL,NULL,0),(15,'Giay_Run_Falcon_2.0_trang_FY5944_06_standard.jpg','/products/pictures/Giay_Run_Falcon_2.0_trang_FY5944_06_standard.jpg',2,NULL,NULL,NULL,NULL,0),(16,'Giay_Run_Falcon_2.0_trang_FY5944_01_standard.jpg','/products/pictures/Giay_Run_Falcon_2.0_trang_FY5944_01_standard.jpg',2,NULL,NULL,NULL,NULL,0),(17,'Giay_Run_Falcon_2.0_trang_FY5944_05_standard.jpg','/products/pictures/Giay_Run_Falcon_2.0_trang_FY5944_05_standard.jpg',2,NULL,NULL,NULL,NULL,0),(18,'Giay_Deerupt_Runner_DJen_BD7890_04_standard.jpg','/products/pictures/Giay_Deerupt_Runner_DJen_BD7890_04_standard.jpg',3,NULL,NULL,NULL,NULL,0),(19,'Giay_Deerupt_Runner_DJen_BD7890_02_standard.jpg','/products/pictures/Giay_Deerupt_Runner_DJen_BD7890_02_standard.jpg',3,NULL,NULL,NULL,NULL,0),(20,'Giay_Deerupt_Runner_DJen_BD7890_03_standard.jpg','/products/pictures/Giay_Deerupt_Runner_DJen_BD7890_03_standard.jpg',3,NULL,NULL,NULL,NULL,0),(21,'Giay_Deerupt_Runner_DJen_BD7890_41_detail.jpg','/products/pictures/Giay_Deerupt_Runner_DJen_BD7890_41_detail.jpg',3,NULL,NULL,NULL,NULL,0),(22,'Giay_Deerupt_Runner_DJen_BD7890_05_standard.jpg','/products/pictures/Giay_Deerupt_Runner_DJen_BD7890_05_standard.jpg',3,NULL,NULL,NULL,NULL,0),(23,'Giay_Deerupt_Runner_DJen_BD7890_06_standard.jpg','/products/pictures/Giay_Deerupt_Runner_DJen_BD7890_06_standard.jpg',3,NULL,NULL,NULL,NULL,0),(24,'Giay_Deerupt_Runner_DJen_BD7890_42_detail.jpg','/products/pictures/Giay_Deerupt_Runner_DJen_BD7890_42_detail.jpg',3,NULL,NULL,NULL,NULL,0),(25,'Giay_Deerupt_Runner_DJen_BD7890_01_standard.jpg','/products/pictures/Giay_Deerupt_Runner_DJen_BD7890_01_standard.jpg',3,NULL,NULL,NULL,NULL,0),(26,'Giay_Deerupt_Runner_DJen_BD7890_43_detail.jpg','/products/pictures/Giay_Deerupt_Runner_DJen_BD7890_43_detail.jpg',3,NULL,NULL,NULL,NULL,0),(27,'Giay_NMD_R1_trang_FV2475_43_detail.jpg','/products/pictures/Giay_NMD_R1_trang_FV2475_43_detail.jpg',4,NULL,NULL,NULL,NULL,0),(28,'Giay_NMD_R1_trang_FV2475_06_standard.jpg','/products/pictures/Giay_NMD_R1_trang_FV2475_06_standard.jpg',4,NULL,NULL,NULL,NULL,0),(29,'Giay_NMD_R1_trang_FV2475_05_standard.jpg','/products/pictures/Giay_NMD_R1_trang_FV2475_05_standard.jpg',4,NULL,NULL,NULL,NULL,0),(30,'Giay_NMD_R1_trang_FV2475_01_standard.jpg','/products/pictures/Giay_NMD_R1_trang_FV2475_01_standard.jpg',4,NULL,NULL,NULL,NULL,0),(31,'Giay_NMD_R1_trang_FV2475_02_standard_hover.jpg','/products/pictures/Giay_NMD_R1_trang_FV2475_02_standard_hover.jpg',4,NULL,NULL,NULL,NULL,0),(32,'Giay_NMD_R1_trang_FV2475_42_detail.jpg','/products/pictures/Giay_NMD_R1_trang_FV2475_42_detail.jpg',4,NULL,NULL,NULL,NULL,0),(33,'Giay_NMD_R1_trang_FV2475_41_detail.jpg','/products/pictures/Giay_NMD_R1_trang_FV2475_41_detail.jpg',4,NULL,NULL,NULL,NULL,0),(34,'Giay_NMD_R1_trang_FV2475_03_standard.jpg','/products/pictures/Giay_NMD_R1_trang_FV2475_03_standard.jpg',4,NULL,NULL,NULL,NULL,0),(35,'Giay_NMD_R1_trang_FV2475_04_standard.jpg','/products/pictures/Giay_NMD_R1_trang_FV2475_04_standard.jpg',4,NULL,NULL,NULL,NULL,0),(36,'Giay_NMD_R1_trang_G55576_02_standard_hover.jpg','/products/pictures/Giay_NMD_R1_trang_G55576_02_standard_hover.jpg',5,NULL,NULL,NULL,NULL,0),(37,'Giay_NMD_R1_trang_G55576_04_standard.jpg','/products/pictures/Giay_NMD_R1_trang_G55576_04_standard.jpg',5,NULL,NULL,NULL,NULL,0),(38,'Giay_NMD_R1_trang_G55576_03_standard.jpg','/products/pictures/Giay_NMD_R1_trang_G55576_03_standard.jpg',5,NULL,NULL,NULL,NULL,0),(39,'Giay_NMD_R1_trang_G55576_41_detail.jpg','/products/pictures/Giay_NMD_R1_trang_G55576_41_detail.jpg',5,NULL,NULL,NULL,NULL,0),(40,'Giay_NMD_R1_trang_G55576_42_detail.jpg','/products/pictures/Giay_NMD_R1_trang_G55576_42_detail.jpg',5,NULL,NULL,NULL,NULL,0),(41,'Giay_NMD_R1_trang_G55576_06_standard.jpg','/products/pictures/Giay_NMD_R1_trang_G55576_06_standard.jpg',5,NULL,NULL,NULL,NULL,0),(42,'Giay_NMD_R1_trang_G55576_05_standard.jpg','/products/pictures/Giay_NMD_R1_trang_G55576_05_standard.jpg',5,NULL,NULL,NULL,NULL,0),(43,'Giay_NMD_R1_trang_G55576_01_standard.jpg','/products/pictures/Giay_NMD_R1_trang_G55576_01_standard.jpg',5,NULL,NULL,NULL,NULL,0),(44,'Giay_NMD_R1_trang_GX0999_06_standard.jpg','/products/pictures/Giay_NMD_R1_trang_GX0999_06_standard.jpg',6,NULL,NULL,NULL,NULL,0),(45,'Giay_NMD_R1_trang_GX0999_HM3.jpg','/products/pictures/Giay_NMD_R1_trang_GX0999_HM3.jpg',6,NULL,NULL,NULL,NULL,0),(46,'Giay_NMD_R1_trang_GX0999_41_detail.jpg','/products/pictures/Giay_NMD_R1_trang_GX0999_41_detail.jpg',6,NULL,NULL,NULL,NULL,0),(47,'Giay_NMD_R1_trang_GX0999_42_detail.jpg','/products/pictures/Giay_NMD_R1_trang_GX0999_42_detail.jpg',6,NULL,NULL,NULL,NULL,0),(48,'Giay_NMD_R1_trang_GX0999_HM4.jpg','/products/pictures/Giay_NMD_R1_trang_GX0999_HM4.jpg',6,NULL,NULL,NULL,NULL,0),(49,'Giay_NMD_R1_trang_GX0999_05_standard.jpg','/products/pictures/Giay_NMD_R1_trang_GX0999_05_standard.jpg',6,NULL,NULL,NULL,NULL,0),(50,'Giay_NMD_R1_trang_GX0999_01_standard.jpg','/products/pictures/Giay_NMD_R1_trang_GX0999_01_standard.jpg',6,NULL,NULL,NULL,NULL,0),(51,'Giay_NMD_R1_trang_GX0999_02_standard.jpg','/products/pictures/Giay_NMD_R1_trang_GX0999_02_standard.jpg',6,NULL,NULL,NULL,NULL,0),(52,'Giay_NMD_R1_trang_GX0999_04_standard.jpg','/products/pictures/Giay_NMD_R1_trang_GX0999_04_standard.jpg',6,NULL,NULL,NULL,NULL,0),(53,'Giay_NMD_R1_trang_GX0999_09_standard.jpg','/products/pictures/Giay_NMD_R1_trang_GX0999_09_standard.jpg',6,NULL,NULL,NULL,NULL,0),(54,'Giay_NMD_R1_trang_GX0999_03_standard.jpg','/products/pictures/Giay_NMD_R1_trang_GX0999_03_standard.jpg',6,NULL,NULL,NULL,NULL,0),(55,'Giay_NMD_R1_trang_GX0999_HM2.jpg','/products/pictures/Giay_NMD_R1_trang_GX0999_HM2.jpg',6,NULL,NULL,NULL,NULL,0),(56,'Giay_NMD_R1_trang_GX0999_HM1_hover.jpg','/products/pictures/Giay_NMD_R1_trang_GX0999_HM1_hover.jpg',6,NULL,NULL,NULL,NULL,0),(57,'Giay_NMD_R1_trang_GZ7947_43_detail.jpg','/products/pictures/Giay_NMD_R1_trang_GZ7947_43_detail.jpg',7,NULL,NULL,NULL,NULL,0),(58,'Giay_NMD_R1_trang_GZ7947_42_detail.jpg','/products/pictures/Giay_NMD_R1_trang_GZ7947_42_detail.jpg',7,NULL,NULL,NULL,NULL,0),(59,'Giay_NMD_R1_trang_GZ7947_03_standard.jpg','/products/pictures/Giay_NMD_R1_trang_GZ7947_03_standard.jpg',7,NULL,NULL,NULL,NULL,0),(60,'Giay_NMD_R1_trang_GZ7947_09_standard.jpg','/products/pictures/Giay_NMD_R1_trang_GZ7947_09_standard.jpg',7,NULL,NULL,NULL,NULL,0),(61,'Giay_NMD_R1_trang_GZ7947_41_detail.jpg','/products/pictures/Giay_NMD_R1_trang_GZ7947_41_detail.jpg',7,NULL,NULL,NULL,NULL,0),(62,'Giay_NMD_R1_trang_GZ7947_01_standard.jpg','/products/pictures/Giay_NMD_R1_trang_GZ7947_01_standard.jpg',7,NULL,NULL,NULL,NULL,0),(63,'Giay_NMD_R1_trang_GZ7947_02_standard.jpg','/products/pictures/Giay_NMD_R1_trang_GZ7947_02_standard.jpg',7,NULL,NULL,NULL,NULL,0),(64,'Giay_NMD_R1_trang_GZ7947_04_standard.jpg','/products/pictures/Giay_NMD_R1_trang_GZ7947_04_standard.jpg',7,NULL,NULL,NULL,NULL,0),(65,'Giay_NMD_R1_trang_GZ7947_012_hover_standard.jpg','/products/pictures/Giay_NMD_R1_trang_GZ7947_012_hover_standard.jpg',7,NULL,NULL,NULL,NULL,0),(66,'Giay_NMD_R1_trang_GZ7947_06_standard.jpg','/products/pictures/Giay_NMD_R1_trang_GZ7947_06_standard.jpg',7,NULL,NULL,NULL,NULL,0),(67,'Giay_NMD_R1_trang_GZ7947_05_standard.jpg','/products/pictures/Giay_NMD_R1_trang_GZ7947_05_standard.jpg',7,NULL,NULL,NULL,NULL,0),(68,'Giay_OZWEEGO_Zip_trang_GZ2644_04_standard - Copy.jpg','/products/pictures/Giay_OZWEEGO_Zip_trang_GZ2644_04_standard - Copy.jpg',8,NULL,NULL,NULL,NULL,0),(69,'Giay_OZWEEGO_Zip_trang_GZ2644_05_standard.jpg','/products/pictures/Giay_OZWEEGO_Zip_trang_GZ2644_05_standard.jpg',8,NULL,NULL,NULL,NULL,0),(70,'Giay_OZWEEGO_Zip_trang_GZ2644_02_standard - Copy.jpg','/products/pictures/Giay_OZWEEGO_Zip_trang_GZ2644_02_standard - Copy.jpg',8,NULL,NULL,NULL,NULL,0),(71,'Giay_OZWEEGO_Zip_trang_GZ2644_01_standard.jpg','/products/pictures/Giay_OZWEEGO_Zip_trang_GZ2644_01_standard.jpg',8,NULL,NULL,NULL,NULL,0),(72,'Giay_OZWEEGO_Zip_trang_GZ2644_03_standard - Copy.jpg','/products/pictures/Giay_OZWEEGO_Zip_trang_GZ2644_03_standard - Copy.jpg',8,NULL,NULL,NULL,NULL,0),(73,'Giay_OZWEEGO_Zip_trang_GZ2644_06_standard.jpg','/products/pictures/Giay_OZWEEGO_Zip_trang_GZ2644_06_standard.jpg',8,NULL,NULL,NULL,NULL,0),(74,'Giay_OZWEEGO_Zip_trang_GZ2644_41_detail.jpg','/products/pictures/Giay_OZWEEGO_Zip_trang_GZ2644_41_detail.jpg',8,NULL,NULL,NULL,NULL,0),(75,'Giay_OZWEEGO_Zip_trang_GZ2644_02_standard.jpg','/products/pictures/Giay_OZWEEGO_Zip_trang_GZ2644_02_standard.jpg',8,NULL,NULL,NULL,NULL,0),(76,'Giay_OZWEEGO_Zip_trang_GZ2644_03_standard.jpg','/products/pictures/Giay_OZWEEGO_Zip_trang_GZ2644_03_standard.jpg',8,NULL,NULL,NULL,NULL,0),(77,'Giay_OZWEEGO_Zip_trang_GZ2644_04_standard.jpg','/products/pictures/Giay_OZWEEGO_Zip_trang_GZ2644_04_standard.jpg',8,NULL,NULL,NULL,NULL,0),(78,'Giay_OZWEEGO_Zip_trang_GZ2644_01_standard - Copy.jpg','/products/pictures/Giay_OZWEEGO_Zip_trang_GZ2644_01_standard - Copy.jpg',8,NULL,NULL,NULL,NULL,0),(79,'Giay_OZWEEGO_Zip_trang_GZ2644_42_detail.jpg','/products/pictures/Giay_OZWEEGO_Zip_trang_GZ2644_42_detail.jpg',8,NULL,NULL,NULL,NULL,0),(80,'OZWEEGO_LITE_W_trang_FX6295_41_detail.jpg','/products/pictures/OZWEEGO_LITE_W_trang_FX6295_41_detail.jpg',9,NULL,NULL,NULL,NULL,0),(81,'OZWEEGO_LITE_W_trang_FX6295_06_standard.jpg','/products/pictures/OZWEEGO_LITE_W_trang_FX6295_06_standard.jpg',9,NULL,NULL,NULL,NULL,0),(82,'OZWEEGO_LITE_W_trang_FX6295_04_standard.jpg','/products/pictures/OZWEEGO_LITE_W_trang_FX6295_04_standard.jpg',9,NULL,NULL,NULL,NULL,0),(83,'OZWEEGO_LITE_W_trang_FX6295_42_detail.jpg','/products/pictures/OZWEEGO_LITE_W_trang_FX6295_42_detail.jpg',9,NULL,NULL,NULL,NULL,0),(84,'OZWEEGO_LITE_W_trang_FX6295_01_standard.jpg','/products/pictures/OZWEEGO_LITE_W_trang_FX6295_01_standard.jpg',9,NULL,NULL,NULL,NULL,0),(85,'OZWEEGO_LITE_W_trang_FX6295_05_standard.jpg','/products/pictures/OZWEEGO_LITE_W_trang_FX6295_05_standard.jpg',9,NULL,NULL,NULL,NULL,0),(86,'OZWEEGO_LITE_W_trang_FX6295_02_standard.jpg','/products/pictures/OZWEEGO_LITE_W_trang_FX6295_02_standard.jpg',9,NULL,NULL,NULL,NULL,0),(87,'OZWEEGO_LITE_W_trang_FX6295_03_standard.jpg','/products/pictures/OZWEEGO_LITE_W_trang_FX6295_03_standard.jpg',9,NULL,NULL,NULL,NULL,0),(88,'ADILETTE_LITE_trang_FU8297_02_standard.jpg','/products/pictures/ADILETTE_LITE_trang_FU8297_02_standard.jpg',10,NULL,NULL,NULL,NULL,0),(89,'ADILETTE_LITE_trang_FU8297_41_detail.jpg','/products/pictures/ADILETTE_LITE_trang_FU8297_41_detail.jpg',10,NULL,NULL,NULL,NULL,0),(90,'ADILETTE_LITE_trang_FU8297_03_standard.jpg','/products/pictures/ADILETTE_LITE_trang_FU8297_03_standard.jpg',10,NULL,NULL,NULL,NULL,0),(91,'ADILETTE_LITE_trang_FU8297_01_standard.jpg','/products/pictures/ADILETTE_LITE_trang_FU8297_01_standard.jpg',10,NULL,NULL,NULL,NULL,0),(92,'ADILETTE_LITE_trang_FU8297_06_standard.jpg','/products/pictures/ADILETTE_LITE_trang_FU8297_06_standard.jpg',10,NULL,NULL,NULL,NULL,0),(93,'ADILETTE_LITE_trang_FU8297_09_standard.jpg','/products/pictures/ADILETTE_LITE_trang_FU8297_09_standard.jpg',10,NULL,NULL,NULL,NULL,0),(94,'ADILETTE_LITE_trang_FU8297_42_detail.jpg','/products/pictures/ADILETTE_LITE_trang_FU8297_42_detail.jpg',10,NULL,NULL,NULL,NULL,0),(95,'ADILETTE_LITE_trang_FU8297_05_standard.jpg','/products/pictures/ADILETTE_LITE_trang_FU8297_05_standard.jpg',10,NULL,NULL,NULL,NULL,0),(96,'ADILETTE_LITE_trang_FU8297_04_standard.jpg','/products/pictures/ADILETTE_LITE_trang_FU8297_04_standard.jpg',10,NULL,NULL,NULL,NULL,0),(97,'ADILETTE_LITE_trang_FU8297_43_detail.jpg','/products/pictures/ADILETTE_LITE_trang_FU8297_43_detail.jpg',10,NULL,NULL,NULL,NULL,0),(98,'ADILETTE_LITE_trang_FU8297_010_hover_standard.jpg','/products/pictures/ADILETTE_LITE_trang_FU8297_010_hover_standard.jpg',10,NULL,NULL,NULL,NULL,0),(99,'Dep_adilette_trang_280648_42_detail.jpg','/products/pictures/Dep_adilette_trang_280648_42_detail.jpg',11,NULL,NULL,NULL,NULL,0),(100,'Dep_adilette_trang_280648_05_standard.jpg','/products/pictures/Dep_adilette_trang_280648_05_standard.jpg',11,NULL,NULL,NULL,NULL,0),(101,'Dep_adilette_trang_280648_03_standard.jpg','/products/pictures/Dep_adilette_trang_280648_03_standard.jpg',11,NULL,NULL,NULL,NULL,0),(102,'Dep_adilette_trang_280648_04_standard.jpg','/products/pictures/Dep_adilette_trang_280648_04_standard.jpg',11,NULL,NULL,NULL,NULL,0),(103,'Dep_adilette_trang_280648_01_standard.jpg','/products/pictures/Dep_adilette_trang_280648_01_standard.jpg',11,NULL,NULL,NULL,NULL,0),(104,'Dep_adilette_trang_280648_41_detail.jpg','/products/pictures/Dep_adilette_trang_280648_41_detail.jpg',11,NULL,NULL,NULL,NULL,0),(105,'Dep_adilette_trang_280648_06_standard.jpg','/products/pictures/Dep_adilette_trang_280648_06_standard.jpg',11,NULL,NULL,NULL,NULL,0),(106,'Dep_adilette_trang_280648_43_detail.jpg','/products/pictures/Dep_adilette_trang_280648_43_detail.jpg',11,NULL,NULL,NULL,NULL,0),(107,'Dep_adilette_trang_280648_02_standard_hover.jpg','/products/pictures/Dep_adilette_trang_280648_02_standard_hover.jpg',11,NULL,NULL,NULL,NULL,0),(108,'Dep_quai_ngang_Adilette_Aqua_Mau_xanh_da_troi_F35542_01_standard.jpg','/products/pictures/Dep_quai_ngang_Adilette_Aqua_Mau_xanh_da_troi_F35542_01_standard.jpg',12,NULL,NULL,NULL,NULL,0),(109,'Dep_quai_ngang_Adilette_Aqua_Mau_xanh_da_troi_F35542_03_standard.jpg','/products/pictures/Dep_quai_ngang_Adilette_Aqua_Mau_xanh_da_troi_F35542_03_standard.jpg',12,NULL,NULL,NULL,NULL,0),(110,'Dep_quai_ngang_Adilette_Aqua_Mau_xanh_da_troi_F35542_42_detail.jpg','/products/pictures/Dep_quai_ngang_Adilette_Aqua_Mau_xanh_da_troi_F35542_42_detail.jpg',12,NULL,NULL,NULL,NULL,0),(111,'Dep_quai_ngang_Adilette_Aqua_Mau_xanh_da_troi_F35542_02_standard_hover.jpg','/products/pictures/Dep_quai_ngang_Adilette_Aqua_Mau_xanh_da_troi_F35542_02_standard_hover.jpg',12,NULL,NULL,NULL,NULL,0),(112,'Dep_quai_ngang_Adilette_Aqua_Mau_xanh_da_troi_F35542_09_standard.jpg','/products/pictures/Dep_quai_ngang_Adilette_Aqua_Mau_xanh_da_troi_F35542_09_standard.jpg',12,NULL,NULL,NULL,NULL,0),(113,'Dep_quai_ngang_Adilette_Aqua_Mau_xanh_da_troi_F35542_41_detail.jpg','/products/pictures/Dep_quai_ngang_Adilette_Aqua_Mau_xanh_da_troi_F35542_41_detail.jpg',12,NULL,NULL,NULL,NULL,0),(114,'Dep_quai_ngang_Adilette_Aqua_Mau_xanh_da_troi_F35542_04_standard.jpg','/products/pictures/Dep_quai_ngang_Adilette_Aqua_Mau_xanh_da_troi_F35542_04_standard.jpg',12,NULL,NULL,NULL,NULL,0),(115,'Dep_quai_ngang_Adilette_Aqua_Mau_xanh_da_troi_F35542_43_detail.jpg','/products/pictures/Dep_quai_ngang_Adilette_Aqua_Mau_xanh_da_troi_F35542_43_detail.jpg',12,NULL,NULL,NULL,NULL,0),(116,'Dep_quai_ngang_Adilette_Aqua_Mau_xanh_da_troi_F35542_05_standard.jpg','/products/pictures/Dep_quai_ngang_Adilette_Aqua_Mau_xanh_da_troi_F35542_05_standard.jpg',12,NULL,NULL,NULL,NULL,0),(117,'Dep_quai_ngang_Adilette_Aqua_Mau_xanh_da_troi_F35542_06_standard.jpg','/products/pictures/Dep_quai_ngang_Adilette_Aqua_Mau_xanh_da_troi_F35542_06_standard.jpg',12,NULL,NULL,NULL,NULL,0),(118,'Dep_quai_ngang_Adilette_Comfort_DJen_S82137_43_detail.jpg','/products/pictures/Dep_quai_ngang_Adilette_Comfort_DJen_S82137_43_detail.jpg',13,NULL,NULL,NULL,NULL,0),(119,'Dep_quai_ngang_Adilette_Comfort_DJen_S82137_05_standard.jpg','/products/pictures/Dep_quai_ngang_Adilette_Comfort_DJen_S82137_05_standard.jpg',13,NULL,NULL,NULL,NULL,0),(120,'Dep_quai_ngang_Adilette_Comfort_DJen_S82137_03_standard.jpg','/products/pictures/Dep_quai_ngang_Adilette_Comfort_DJen_S82137_03_standard.jpg',13,NULL,NULL,NULL,NULL,0),(121,'Dep_quai_ngang_Adilette_Comfort_DJen_S82137_42_detail.jpg','/products/pictures/Dep_quai_ngang_Adilette_Comfort_DJen_S82137_42_detail.jpg',13,NULL,NULL,NULL,NULL,0),(122,'Dep_quai_ngang_Adilette_Comfort_DJen_S82137_09_standard.jpg','/products/pictures/Dep_quai_ngang_Adilette_Comfort_DJen_S82137_09_standard.jpg',13,NULL,NULL,NULL,NULL,0),(123,'Dep_quai_ngang_Adilette_Comfort_DJen_S82137_HM1_hover.jpg','/products/pictures/Dep_quai_ngang_Adilette_Comfort_DJen_S82137_HM1_hover.jpg',13,NULL,NULL,NULL,NULL,0),(124,'Dep_quai_ngang_Adilette_Comfort_DJen_S82137_06_standard.jpg','/products/pictures/Dep_quai_ngang_Adilette_Comfort_DJen_S82137_06_standard.jpg',13,NULL,NULL,NULL,NULL,0),(125,'Dep_quai_ngang_Adilette_Comfort_DJen_S82137_01_standard.jpg','/products/pictures/Dep_quai_ngang_Adilette_Comfort_DJen_S82137_01_standard.jpg',13,NULL,NULL,NULL,NULL,0),(126,'Dep_quai_ngang_Adilette_Comfort_DJen_S82137_04_standard.jpg','/products/pictures/Dep_quai_ngang_Adilette_Comfort_DJen_S82137_04_standard.jpg',13,NULL,NULL,NULL,NULL,0),(127,'Dep_quai_ngang_Adilette_Comfort_DJen_S82137_41_detail.jpg','/products/pictures/Dep_quai_ngang_Adilette_Comfort_DJen_S82137_41_detail.jpg',13,NULL,NULL,NULL,NULL,0),(128,'Dep_quai_ngang_Adilette_Comfort_DJen_S82137_02_standard.jpg','/products/pictures/Dep_quai_ngang_Adilette_Comfort_DJen_S82137_02_standard.jpg',13,NULL,NULL,NULL,NULL,0),(130,'blazer-low-77-older-shoe-J24TzH.png','/products/pictures/blazer-low-77-older-shoe-J24TzH.png',16,NULL,NULL,NULL,NULL,0),(131,'blazer-low-77-older-shoe-J24TzH (2).png','/products/pictures/blazer-low-77-older-shoe-J24TzH (2).png',16,NULL,NULL,NULL,NULL,0),(132,'blazer-low-77-older-shoe-J24TzH (6).png','/products/pictures/blazer-low-77-older-shoe-J24TzH (6).png',16,NULL,NULL,NULL,NULL,0),(133,'blazer-low-77-older-shoe-J24TzH (3).png','/products/pictures/blazer-low-77-older-shoe-J24TzH (3).png',16,NULL,NULL,NULL,NULL,0),(134,'blazer-low-77-older-shoe-J24TzH (4).png','/products/pictures/blazer-low-77-older-shoe-J24TzH (4).png',16,NULL,NULL,NULL,NULL,0),(135,'blazer-low-77-older-shoe-J24TzH (5).png','/products/pictures/blazer-low-77-older-shoe-J24TzH (5).png',16,NULL,NULL,NULL,NULL,0),(136,'blazer-low-77-older-shoe-J24TzH.jpg','/products/pictures/blazer-low-77-older-shoe-J24TzH.jpg',16,NULL,NULL,NULL,NULL,0),(137,'blazer-low-77-older-shoe-J24TzH (1).png','/products/pictures/blazer-low-77-older-shoe-J24TzH (1).png',16,NULL,NULL,NULL,NULL,0),(138,'blazer-mid-77-se-older-shoe-s3nNf6 (4).png','/products/pictures/blazer-mid-77-se-older-shoe-s3nNf6 (4).png',17,NULL,NULL,NULL,NULL,0),(139,'blazer-mid-77-se-older-shoe-s3nNf6.jpg','/products/pictures/blazer-mid-77-se-older-shoe-s3nNf6.jpg',17,NULL,NULL,NULL,NULL,0),(140,'blazer-mid-77-se-older-shoe-s3nNf6.png','/products/pictures/blazer-mid-77-se-older-shoe-s3nNf6.png',17,NULL,NULL,NULL,NULL,0),(141,'blazer-mid-77-se-older-shoe-s3nNf6 (2).png','/products/pictures/blazer-mid-77-se-older-shoe-s3nNf6 (2).png',17,NULL,NULL,NULL,NULL,0),(142,'blazer-mid-77-se-older-shoe-s3nNf6 (3).png','/products/pictures/blazer-mid-77-se-older-shoe-s3nNf6 (3).png',17,NULL,NULL,NULL,NULL,0),(143,'blazer-mid-77-se-older-shoe-s3nNf6 (5).png','/products/pictures/blazer-mid-77-se-older-shoe-s3nNf6 (5).png',17,NULL,NULL,NULL,NULL,0),(144,'blazer-mid-77-se-older-shoe-s3nNf6 (6).png','/products/pictures/blazer-mid-77-se-older-shoe-s3nNf6 (6).png',17,NULL,NULL,NULL,NULL,0),(145,'blazer-mid-77-se-older-shoe-s3nNf6 (1).png','/products/pictures/blazer-mid-77-se-older-shoe-s3nNf6 (1).png',17,NULL,NULL,NULL,NULL,0),(146,'blazer-mid-77-shoes-2PCxLw (1).png','/products/pictures/blazer-mid-77-shoes-2PCxLw (1).png',18,NULL,NULL,NULL,NULL,0),(147,'blazer-mid-77-shoes-2PCxLw (5).png','/products/pictures/blazer-mid-77-shoes-2PCxLw (5).png',18,NULL,NULL,NULL,NULL,0),(148,'blazer-mid-77-shoes-2PCxLw (6).png','/products/pictures/blazer-mid-77-shoes-2PCxLw (6).png',18,NULL,NULL,NULL,NULL,0),(149,'blazer-mid-77-shoes-2PCxLw.jpg','/products/pictures/blazer-mid-77-shoes-2PCxLw.jpg',18,NULL,NULL,NULL,NULL,0),(150,'blazer-mid-77-shoes-2PCxLw (3).png','/products/pictures/blazer-mid-77-shoes-2PCxLw (3).png',18,NULL,NULL,NULL,NULL,0),(151,'blazer-mid-77-shoes-2PCxLw (2).png','/products/pictures/blazer-mid-77-shoes-2PCxLw (2).png',18,NULL,NULL,NULL,NULL,0),(152,'blazer-mid-77-shoes-2PCxLw (4).png','/products/pictures/blazer-mid-77-shoes-2PCxLw (4).png',18,NULL,NULL,NULL,NULL,0),(153,'blazer-mid-77-shoes-2PCxLw.png','/products/pictures/blazer-mid-77-shoes-2PCxLw.png',18,NULL,NULL,NULL,NULL,0),(154,'blazer-mid-77-shoes-2PCxLw.png','/products/pictures/blazer-mid-77-shoes-2PCxLw.png',19,NULL,NULL,NULL,NULL,0),(155,'blazer-mid-77-vintage-shoe-dNWPTj (1).png','/products/pictures/blazer-mid-77-vintage-shoe-dNWPTj (1).png',19,NULL,NULL,NULL,NULL,0),(156,'blazer-mid-77-vintage-shoe-dNWPTj.png','/products/pictures/blazer-mid-77-vintage-shoe-dNWPTj.png',19,NULL,NULL,NULL,NULL,0),(157,'blazer-mid-77-vintage-shoe-dNWPTj.jpg','/products/pictures/blazer-mid-77-vintage-shoe-dNWPTj.jpg',19,NULL,NULL,NULL,NULL,0),(158,'sb-zoom-blazer-mid-skate-shoe-bdtQ2K (5).png','/products/pictures/sb-zoom-blazer-mid-skate-shoe-bdtQ2K (5).png',20,NULL,NULL,NULL,NULL,0),(159,'sb-zoom-blazer-mid-skate-shoe-bdtQ2K (1).png','/products/pictures/sb-zoom-blazer-mid-skate-shoe-bdtQ2K (1).png',20,NULL,NULL,NULL,NULL,0),(160,'sb-zoom-blazer-mid-skate-shoe-bdtQ2K (2).png','/products/pictures/sb-zoom-blazer-mid-skate-shoe-bdtQ2K (2).png',20,NULL,NULL,NULL,NULL,0),(161,'sb-zoom-blazer-mid-skate-shoe-bdtQ2K (3).png','/products/pictures/sb-zoom-blazer-mid-skate-shoe-bdtQ2K (3).png',20,NULL,NULL,NULL,NULL,0),(162,'sb-zoom-blazer-mid-skate-shoe-bdtQ2K (4).png','/products/pictures/sb-zoom-blazer-mid-skate-shoe-bdtQ2K (4).png',20,NULL,NULL,NULL,NULL,0),(163,'sb-zoom-blazer-mid-skate-shoe-bdtQ2K.jpg','/products/pictures/sb-zoom-blazer-mid-skate-shoe-bdtQ2K.jpg',20,NULL,NULL,NULL,NULL,0),(164,'sb-zoom-blazer-mid-skate-shoe-bdtQ2K (6).png','/products/pictures/sb-zoom-blazer-mid-skate-shoe-bdtQ2K (6).png',20,NULL,NULL,NULL,NULL,0),(165,'sb-zoom-blazer-mid-skate-shoe-bdtQ2K.png','/products/pictures/sb-zoom-blazer-mid-skate-shoe-bdtQ2K.png',20,NULL,NULL,NULL,NULL,0),(205,'air-max-90-shoes-hGrzDR (2).png','/products/pictures/air-max-90-shoes-hGrzDR (2).png',21,NULL,NULL,NULL,NULL,0),(206,'air-max-90-shoes-hGrzDR.jpg','/products/pictures/air-max-90-shoes-hGrzDR.jpg',21,NULL,NULL,NULL,NULL,0),(207,'air-max-90-shoes-hGrzDR (4).png','/products/pictures/air-max-90-shoes-hGrzDR (4).png',21,NULL,NULL,NULL,NULL,0),(208,'air-max-90-shoes-hGrzDR (1).png','/products/pictures/air-max-90-shoes-hGrzDR (1).png',21,NULL,NULL,NULL,NULL,0),(209,'air-max-90-shoes-hGrzDR.png','/products/pictures/air-max-90-shoes-hGrzDR.png',21,NULL,NULL,NULL,NULL,0),(210,'air-max-90-shoes-hGrzDR (3).png','/products/pictures/air-max-90-shoes-hGrzDR (3).png',21,NULL,NULL,NULL,NULL,0),(211,'air-max-90-shoes-hGrzDR (5).png','/products/pictures/air-max-90-shoes-hGrzDR (5).png',21,NULL,NULL,NULL,NULL,0),(212,'air-max-90-shoes-hGrzDR (6).png','/products/pictures/air-max-90-shoes-hGrzDR (6).png',21,NULL,NULL,NULL,NULL,0),(213,'air-max-97-se-shoes-NMMVFJ(6).png','/products/pictures/air-max-97-se-shoes-NMMVFJ(6).png',26,NULL,NULL,NULL,NULL,0),(214,'air-max-97-se-shoes-NMMVFJ(2).png','/products/pictures/air-max-97-se-shoes-NMMVFJ(2).png',26,NULL,NULL,NULL,NULL,0),(215,'air-max-97-se-shoes-NMMVFJ(1).png','/products/pictures/air-max-97-se-shoes-NMMVFJ(1).png',26,NULL,NULL,NULL,NULL,0),(216,'air-max-97-se-shoes-NMMVFJ(3).png','/products/pictures/air-max-97-se-shoes-NMMVFJ(3).png',26,NULL,NULL,NULL,NULL,0),(217,'air-max-97-se-shoes-NMMVFJ(5).png','/products/pictures/air-max-97-se-shoes-NMMVFJ(5).png',26,NULL,NULL,NULL,NULL,0),(218,'air-max-97-se-shoes-NMMVFJ.jpg','/products/pictures/air-max-97-se-shoes-NMMVFJ.jpg',26,NULL,NULL,NULL,NULL,0),(219,'air-max-97-se-shoes-NMMVFJ(4).png','/products/pictures/air-max-97-se-shoes-NMMVFJ(4).png',26,NULL,NULL,NULL,NULL,0),(220,'air-jordan-1-mid-shoe-86f1ZW (3).png','/products/pictures/air-jordan-1-mid-shoe-86f1ZW (3).png',27,NULL,NULL,NULL,NULL,0),(221,'air-jordan-1-mid-shoe-86f1ZW (6).png','/products/pictures/air-jordan-1-mid-shoe-86f1ZW (6).png',27,NULL,NULL,NULL,NULL,0),(222,'air-jordan-1-mid-shoe-86f1ZW.jpg','/products/pictures/air-jordan-1-mid-shoe-86f1ZW.jpg',27,NULL,NULL,NULL,NULL,0),(223,'air-jordan-1-mid-shoe-86f1ZW (2).png','/products/pictures/air-jordan-1-mid-shoe-86f1ZW (2).png',27,NULL,NULL,NULL,NULL,0),(224,'air-jordan-1-mid-shoe-86f1ZW (1).png','/products/pictures/air-jordan-1-mid-shoe-86f1ZW (1).png',27,NULL,NULL,NULL,NULL,0),(225,'air-jordan-1-mid-shoe-86f1ZW (4).png','/products/pictures/air-jordan-1-mid-shoe-86f1ZW (4).png',27,NULL,NULL,NULL,NULL,0),(226,'air-jordan-1-mid-shoe-86f1ZW (5).png','/products/pictures/air-jordan-1-mid-shoe-86f1ZW (5).png',27,NULL,NULL,NULL,NULL,0),(227,'air-jordan-1-mid-shoe-86f1ZW.png','/products/pictures/air-jordan-1-mid-shoe-86f1ZW.png',27,NULL,NULL,NULL,NULL,0),(228,'air-jordan-xxxvi-se-luka-global-game-basketball-shoes-slhKLz (1).png','/products/pictures/air-jordan-xxxvi-se-luka-global-game-basketball-shoes-slhKLz (1).png',28,NULL,NULL,NULL,NULL,0),(229,'air-jordan-xxxvi-se-luka-global-game-basketball-shoes-slhKLz (5).png','/products/pictures/air-jordan-xxxvi-se-luka-global-game-basketball-shoes-slhKLz (5).png',28,NULL,NULL,NULL,NULL,0),(230,'air-jordan-xxxvi-se-luka-global-game-basketball-shoes-slhKLz (7).png','/products/pictures/air-jordan-xxxvi-se-luka-global-game-basketball-shoes-slhKLz (7).png',28,NULL,NULL,NULL,NULL,0),(231,'air-jordan-xxxvi-se-luka-global-game-basketball-shoes-slhKLz (2).png','/products/pictures/air-jordan-xxxvi-se-luka-global-game-basketball-shoes-slhKLz (2).png',28,NULL,NULL,NULL,NULL,0),(232,'air-jordan-xxxvi-se-luka-global-game-basketball-shoes-slhKLz (4).png','/products/pictures/air-jordan-xxxvi-se-luka-global-game-basketball-shoes-slhKLz (4).png',28,NULL,NULL,NULL,NULL,0),(233,'air-jordan-xxxvi-se-luka-global-game-basketball-shoes-slhKLz (8).png','/products/pictures/air-jordan-xxxvi-se-luka-global-game-basketball-shoes-slhKLz (8).png',28,NULL,NULL,NULL,NULL,0),(234,'air-jordan-xxxvi-se-luka-global-game-basketball-shoes-slhKLz.png','/products/pictures/air-jordan-xxxvi-se-luka-global-game-basketball-shoes-slhKLz.png',28,NULL,NULL,NULL,NULL,0),(235,'air-jordan-xxxvi-se-luka-global-game-basketball-shoes-slhKLz (6).png','/products/pictures/air-jordan-xxxvi-se-luka-global-game-basketball-shoes-slhKLz (6).png',28,NULL,NULL,NULL,NULL,0),(236,'air-jordan-xxxvi-se-luka-global-game-basketball-shoes-slhKLz.jpg','/products/pictures/air-jordan-xxxvi-se-luka-global-game-basketball-shoes-slhKLz.jpg',28,NULL,NULL,NULL,NULL,0),(237,'air-jordan-xxxvi-se-luka-global-game-basketball-shoes-slhKLz (3).png','/products/pictures/air-jordan-xxxvi-se-luka-global-game-basketball-shoes-slhKLz (3).png',28,NULL,NULL,NULL,NULL,0),(238,'jordan-1-low-alt-younger-shoe-NpXDNW (2).png','/products/pictures/jordan-1-low-alt-younger-shoe-NpXDNW (2).png',29,NULL,NULL,NULL,NULL,0),(239,'jordan-1-low-alt-younger-shoe-NpXDNW (6).png','/products/pictures/jordan-1-low-alt-younger-shoe-NpXDNW (6).png',29,NULL,NULL,NULL,NULL,0),(240,'jordan-1-low-alt-younger-shoe-NpXDNW.jpg','/products/pictures/jordan-1-low-alt-younger-shoe-NpXDNW.jpg',29,NULL,NULL,NULL,NULL,0),(241,'jordan-1-low-alt-younger-shoe-NpXDNW.png','/products/pictures/jordan-1-low-alt-younger-shoe-NpXDNW.png',29,NULL,NULL,NULL,NULL,0),(242,'jordan-1-low-alt-younger-shoe-NpXDNW (1).png','/products/pictures/jordan-1-low-alt-younger-shoe-NpXDNW (1).png',29,NULL,NULL,NULL,NULL,0),(243,'jordan-1-low-alt-younger-shoe-NpXDNW (5).png','/products/pictures/jordan-1-low-alt-younger-shoe-NpXDNW (5).png',29,NULL,NULL,NULL,NULL,0),(244,'jordan-1-low-alt-younger-shoe-NpXDNW (4).png','/products/pictures/jordan-1-low-alt-younger-shoe-NpXDNW (4).png',29,NULL,NULL,NULL,NULL,0),(245,'jordan-1-low-alt-younger-shoe-NpXDNW (7).png','/products/pictures/jordan-1-low-alt-younger-shoe-NpXDNW (7).png',29,NULL,NULL,NULL,NULL,0),(246,'jordan-1-low-alt-younger-shoe-NpXDNW (3).png','/products/pictures/jordan-1-low-alt-younger-shoe-NpXDNW (3).png',29,NULL,NULL,NULL,NULL,0),(247,'jordan-4-g-golf-shoes-lW4531 (1).png','/products/pictures/jordan-4-g-golf-shoes-lW4531 (1).png',30,NULL,NULL,NULL,NULL,0),(248,'jordan-4-g-golf-shoes-lW4531 (8).png','/products/pictures/jordan-4-g-golf-shoes-lW4531 (8).png',30,NULL,NULL,NULL,NULL,0),(249,'jordan-4-g-golf-shoes-lW4531.png','/products/pictures/jordan-4-g-golf-shoes-lW4531.png',30,NULL,NULL,NULL,NULL,0),(250,'jordan-4-g-golf-shoes-lW4531 (4).png','/products/pictures/jordan-4-g-golf-shoes-lW4531 (4).png',30,NULL,NULL,NULL,NULL,0),(251,'jordan-4-g-golf-shoes-lW4531 (6).png','/products/pictures/jordan-4-g-golf-shoes-lW4531 (6).png',30,NULL,NULL,NULL,NULL,0),(252,'jordan-4-g-golf-shoes-lW4531 (3).png','/products/pictures/jordan-4-g-golf-shoes-lW4531 (3).png',30,NULL,NULL,NULL,NULL,0),(253,'jordan-4-g-golf-shoes-lW4531 (7).png','/products/pictures/jordan-4-g-golf-shoes-lW4531 (7).png',30,NULL,NULL,NULL,NULL,0),(254,'jordan-4-g-golf-shoes-lW4531.jpg','/products/pictures/jordan-4-g-golf-shoes-lW4531.jpg',30,NULL,NULL,NULL,NULL,0),(255,'jordan-4-g-golf-shoes-lW4531 (5).png','/products/pictures/jordan-4-g-golf-shoes-lW4531 (5).png',30,NULL,NULL,NULL,NULL,0),(256,'jordan-4-g-golf-shoes-lW4531 (2).png','/products/pictures/jordan-4-g-golf-shoes-lW4531 (2).png',30,NULL,NULL,NULL,NULL,0),(257,'cortez-basic-older-shoe-8kwrrB (3).png','/products/pictures/cortez-basic-older-shoe-8kwrrB (3).png',31,NULL,NULL,NULL,NULL,0),(258,'cortez-basic-older-shoe-8kwrrB (4).png','/products/pictures/cortez-basic-older-shoe-8kwrrB (4).png',31,NULL,NULL,NULL,NULL,0),(259,'cortez-basic-older-shoe-8kwrrB.png','/products/pictures/cortez-basic-older-shoe-8kwrrB.png',31,NULL,NULL,NULL,NULL,0),(260,'cortez-basic-older-shoe-8kwrrB (6).png','/products/pictures/cortez-basic-older-shoe-8kwrrB (6).png',31,NULL,NULL,NULL,NULL,0),(261,'cortez-basic-older-shoe-8kwrrB.jpg','/products/pictures/cortez-basic-older-shoe-8kwrrB.jpg',31,NULL,NULL,NULL,NULL,0),(262,'cortez-basic-older-shoe-8kwrrB (5).png','/products/pictures/cortez-basic-older-shoe-8kwrrB (5).png',31,NULL,NULL,NULL,NULL,0),(263,'cortez-basic-older-shoe-8kwrrB (2).png','/products/pictures/cortez-basic-older-shoe-8kwrrB (2).png',31,NULL,NULL,NULL,NULL,0),(264,'cortez-basic-older-shoe-8kwrrB (1).png','/products/pictures/cortez-basic-older-shoe-8kwrrB (1).png',31,NULL,NULL,NULL,NULL,0),(265,'cortez-basic-sl-younger-shoe-5hqMdP (1).png','/products/pictures/cortez-basic-sl-younger-shoe-5hqMdP (1).png',32,NULL,NULL,NULL,NULL,0),(266,'cortez-basic-sl-younger-shoe-5hqMdP (2).png','/products/pictures/cortez-basic-sl-younger-shoe-5hqMdP (2).png',32,NULL,NULL,NULL,NULL,0),(267,'cortez-basic-sl-younger-shoe-5hqMdP (5).png','/products/pictures/cortez-basic-sl-younger-shoe-5hqMdP (5).png',32,NULL,NULL,NULL,NULL,0),(268,'cortez-basic-sl-younger-shoe-5hqMdP.png','/products/pictures/cortez-basic-sl-younger-shoe-5hqMdP.png',32,NULL,NULL,NULL,NULL,0),(269,'cortez-basic-sl-younger-shoe-5hqMdP (6).png','/products/pictures/cortez-basic-sl-younger-shoe-5hqMdP (6).png',32,NULL,NULL,NULL,NULL,0),(270,'cortez-basic-sl-younger-shoe-5hqMdP.jpg','/products/pictures/cortez-basic-sl-younger-shoe-5hqMdP.jpg',32,NULL,NULL,NULL,NULL,0),(271,'cortez-basic-sl-younger-shoe-5hqMdP (4).png','/products/pictures/cortez-basic-sl-younger-shoe-5hqMdP (4).png',32,NULL,NULL,NULL,NULL,0),(272,'cortez-basic-sl-younger-shoe-5hqMdP (7).png','/products/pictures/cortez-basic-sl-younger-shoe-5hqMdP (7).png',32,NULL,NULL,NULL,NULL,0),(273,'cortez-basic-sl-younger-shoe-5hqMdP (3).png','/products/pictures/cortez-basic-sl-younger-shoe-5hqMdP (3).png',32,NULL,NULL,NULL,NULL,0),(274,'air-force-1-07-shoe-WrLlWX (4).png','/products/pictures/air-force-1-07-shoe-WrLlWX (4).png',33,NULL,NULL,NULL,NULL,0),(275,'air-force-1-07-shoe-WrLlWX (3).png','/products/pictures/air-force-1-07-shoe-WrLlWX (3).png',33,NULL,NULL,NULL,NULL,0),(276,'air-force-1-07-shoe-WrLlWX.jpg','/products/pictures/air-force-1-07-shoe-WrLlWX.jpg',33,NULL,NULL,NULL,NULL,0),(277,'air-force-1-07-shoe-WrLlWX (1).png','/products/pictures/air-force-1-07-shoe-WrLlWX (1).png',33,NULL,NULL,NULL,NULL,0),(278,'air-force-1-07-shoe-WrLlWX (2).png','/products/pictures/air-force-1-07-shoe-WrLlWX (2).png',33,NULL,NULL,NULL,NULL,0),(279,'air-force-1-07-shoe-WrLlWX.png','/products/pictures/air-force-1-07-shoe-WrLlWX.png',33,NULL,NULL,NULL,NULL,0),(289,'air-force-1-crater-shoes-qT3k4j (6).png','/products/pictures/air-force-1-crater-shoes-qT3k4j (6).png',35,NULL,NULL,NULL,NULL,0),(290,'air-force-1-crater-shoes-qT3k4j (1).png','/products/pictures/air-force-1-crater-shoes-qT3k4j (1).png',35,NULL,NULL,NULL,NULL,0),(291,'air-force-1-crater-shoes-qT3k4j.jpg','/products/pictures/air-force-1-crater-shoes-qT3k4j.jpg',35,NULL,NULL,NULL,NULL,0),(292,'air-force-1-crater-shoes-qT3k4j (5).png','/products/pictures/air-force-1-crater-shoes-qT3k4j (5).png',35,NULL,NULL,NULL,NULL,0),(293,'air-force-1-crater-shoes-qT3k4j (3).png','/products/pictures/air-force-1-crater-shoes-qT3k4j (3).png',35,NULL,NULL,NULL,NULL,0),(294,'air-force-1-crater-shoes-qT3k4j (4).png','/products/pictures/air-force-1-crater-shoes-qT3k4j (4).png',35,NULL,NULL,NULL,NULL,0),(295,'air-force-1-crater-shoes-qT3k4j (2).png','/products/pictures/air-force-1-crater-shoes-qT3k4j (2).png',35,NULL,NULL,NULL,NULL,0),(296,'air-force-1-crater-shoes-qT3k4j.png','/products/pictures/air-force-1-crater-shoes-qT3k4j.png',35,NULL,NULL,NULL,NULL,0),(297,'air-force-1-fontanka-shoes-LtBCnn (4).png','/products/pictures/air-force-1-fontanka-shoes-LtBCnn (4).png',34,NULL,NULL,NULL,NULL,0),(298,'air-force-1-fontanka-shoes-LtBCnn (1).png','/products/pictures/air-force-1-fontanka-shoes-LtBCnn (1).png',34,NULL,NULL,NULL,NULL,0),(299,'air-force-1-fontanka-shoes-LtBCnn (3).png','/products/pictures/air-force-1-fontanka-shoes-LtBCnn (3).png',34,NULL,NULL,NULL,NULL,0),(300,'air-force-1-fontanka-shoes-LtBCnn.jpg','/products/pictures/air-force-1-fontanka-shoes-LtBCnn.jpg',34,NULL,NULL,NULL,NULL,0),(301,'air-force-1-fontanka-shoes-LtBCnn.png','/products/pictures/air-force-1-fontanka-shoes-LtBCnn.png',34,NULL,NULL,NULL,NULL,0),(302,'air-force-1-fontanka-shoes-LtBCnn (6).png','/products/pictures/air-force-1-fontanka-shoes-LtBCnn (6).png',34,NULL,NULL,NULL,NULL,0),(303,'air-force-1-fontanka-shoes-LtBCnn (8).png','/products/pictures/air-force-1-fontanka-shoes-LtBCnn (8).png',34,NULL,NULL,NULL,NULL,0),(304,'air-force-1-fontanka-shoes-LtBCnn (2).png','/products/pictures/air-force-1-fontanka-shoes-LtBCnn (2).png',34,NULL,NULL,NULL,NULL,0),(305,'air-force-1-fontanka-shoes-LtBCnn (7).png','/products/pictures/air-force-1-fontanka-shoes-LtBCnn (7).png',34,NULL,NULL,NULL,NULL,0),(306,'air-force-1-fontanka-shoes-LtBCnn (5).png','/products/pictures/air-force-1-fontanka-shoes-LtBCnn (5).png',34,NULL,NULL,NULL,NULL,0),(307,'air-force-1-07-shoes-Wv2j0C (7).png','/products/pictures/air-force-1-07-shoes-Wv2j0C (7).png',36,NULL,NULL,NULL,NULL,0),(308,'air-force-1-07-shoes-Wv2j0C (1).png','/products/pictures/air-force-1-07-shoes-Wv2j0C (1).png',36,NULL,NULL,NULL,NULL,0),(309,'air-force-1-07-shoes-Wv2j0C (6).png','/products/pictures/air-force-1-07-shoes-Wv2j0C (6).png',36,NULL,NULL,NULL,NULL,0),(310,'air-force-1-07-shoes-Wv2j0C (5).png','/products/pictures/air-force-1-07-shoes-Wv2j0C (5).png',36,NULL,NULL,NULL,NULL,0),(311,'air-force-1-07-shoes-Wv2j0C.jpg','/products/pictures/air-force-1-07-shoes-Wv2j0C.jpg',36,NULL,NULL,NULL,NULL,0),(312,'air-force-1-07-shoes-Wv2j0C (3).png','/products/pictures/air-force-1-07-shoes-Wv2j0C (3).png',36,NULL,NULL,NULL,NULL,0),(313,'air-force-1-07-shoes-Wv2j0C (2).png','/products/pictures/air-force-1-07-shoes-Wv2j0C (2).png',36,NULL,NULL,NULL,NULL,0),(314,'air-force-1-07-shoes-Wv2j0C.png','/products/pictures/air-force-1-07-shoes-Wv2j0C.png',36,NULL,NULL,NULL,NULL,0),(315,'air-force-1-07-shoes-Wv2j0C (4).png','/products/pictures/air-force-1-07-shoes-Wv2j0C (4).png',36,NULL,NULL,NULL,NULL,0),(316,'air-force-1-07-craft-shoe-FXtDz5 (1).png','/products/pictures/air-force-1-07-craft-shoe-FXtDz5 (1).png',37,NULL,NULL,NULL,NULL,0),(317,'air-force-1-07-craft-shoe-FXtDz5.png','/products/pictures/air-force-1-07-craft-shoe-FXtDz5.png',37,NULL,NULL,NULL,NULL,0),(318,'air-force-1-07-craft-shoe-FXtDz5 (4).png','/products/pictures/air-force-1-07-craft-shoe-FXtDz5 (4).png',37,NULL,NULL,NULL,NULL,0),(319,'air-force-1-07-craft-shoe-FXtDz5.jpg','/products/pictures/air-force-1-07-craft-shoe-FXtDz5.jpg',37,NULL,NULL,NULL,NULL,0),(320,'air-force-1-07-craft-shoe-FXtDz5 (3).png','/products/pictures/air-force-1-07-craft-shoe-FXtDz5 (3).png',37,NULL,NULL,NULL,NULL,0),(321,'air-force-1-07-craft-shoe-FXtDz5 (6).png','/products/pictures/air-force-1-07-craft-shoe-FXtDz5 (6).png',37,NULL,NULL,NULL,NULL,0),(322,'air-force-1-07-craft-shoe-FXtDz5 (5).png','/products/pictures/air-force-1-07-craft-shoe-FXtDz5 (5).png',37,NULL,NULL,NULL,NULL,0),(323,'air-force-1-07-craft-shoe-FXtDz5 (2).png','/products/pictures/air-force-1-07-craft-shoe-FXtDz5 (2).png',37,NULL,NULL,NULL,NULL,0),(416,'169451Cshot1.jpg','/products/pictures/169451Cshot1.jpg',51,NULL,NULL,NULL,NULL,0),(417,'169451Cstandard.jpg','/products/pictures/169451Cstandard.jpg',51,NULL,NULL,NULL,NULL,0),(418,'169451Cshot2.jpg','/products/pictures/169451Cshot2.jpg',51,NULL,NULL,NULL,NULL,0),(419,'169451Cshot4.jpg','/products/pictures/169451Cshot4.jpg',51,NULL,NULL,NULL,NULL,0),(420,'169451Cshot5.jpg','/products/pictures/169451Cshot5.jpg',51,NULL,NULL,NULL,NULL,0),(421,'170138Cshot2.jpg','/products/pictures/170138Cshot2.jpg',52,NULL,NULL,NULL,NULL,0),(422,'170138Cshot4.jpg','/products/pictures/170138Cshot4.jpg',52,NULL,NULL,NULL,NULL,0),(423,'170138Cstandard (1).jpg','/products/pictures/170138Cstandard (1).jpg',52,NULL,NULL,NULL,NULL,0),(424,'170138Cshot3.jpg','/products/pictures/170138Cshot3.jpg',52,NULL,NULL,NULL,NULL,0),(425,'170138Cshot5.jpg','/products/pictures/170138Cshot5.jpg',52,NULL,NULL,NULL,NULL,0),(426,'171158Fstandard.jpg','/products/pictures/171158Fstandard.jpg',53,NULL,NULL,NULL,NULL,0),(427,'171158Fshot3.jpg','/products/pictures/171158Fshot3.jpg',53,NULL,NULL,NULL,NULL,0),(428,'171158Fshot5.jpg','/products/pictures/171158Fshot5.jpg',53,NULL,NULL,NULL,NULL,0),(429,'171158Fshot2.jpg','/products/pictures/171158Fshot2.jpg',53,NULL,NULL,NULL,NULL,0),(430,'171158Fshot4.jpg','/products/pictures/171158Fshot4.jpg',53,NULL,NULL,NULL,NULL,0),(431,'121178-2.jpg','/products/pictures/121178-2.jpg',54,NULL,NULL,NULL,NULL,0),(432,'121178-3.jpg','/products/pictures/121178-3.jpg',54,NULL,NULL,NULL,NULL,0),(433,'121178-1.jpg','/products/pictures/121178-1.jpg',54,NULL,NULL,NULL,NULL,0),(434,'126196-1.jpg','/products/pictures/126196-1.jpg',55,NULL,NULL,NULL,NULL,0),(435,'126196-2 (1).jpg','/products/pictures/126196-2 (1).jpg',55,NULL,NULL,NULL,NULL,0),(436,'126196-3.jpg','/products/pictures/126196-3.jpg',55,NULL,NULL,NULL,NULL,0),(437,'127441-1.jpg','/products/pictures/127441-1.jpg',56,NULL,NULL,NULL,NULL,0),(438,'127441-3.jpg','/products/pictures/127441-3.jpg',56,NULL,NULL,NULL,NULL,0),(439,'127441-2.jpg','/products/pictures/127441-2.jpg',56,NULL,NULL,NULL,NULL,0),(440,'ml574dhg_nb_06_i.webp','/products/pictures/ml574dhg_nb_06_i.webp',57,NULL,NULL,NULL,NULL,0),(441,'ml574dhg_nb_04_i.webp','/products/pictures/ml574dhg_nb_04_i.webp',57,NULL,NULL,NULL,NULL,0),(442,'ml574dhg_nb_05_i.webp','/products/pictures/ml574dhg_nb_05_i.webp',57,NULL,NULL,NULL,NULL,0),(443,'ml574dhg_nb_02_i.webp','/products/pictures/ml574dhg_nb_02_i.webp',57,NULL,NULL,NULL,NULL,0),(444,'ml574dhg_nb_03_i.webp','/products/pictures/ml574dhg_nb_03_i.webp',57,NULL,NULL,NULL,NULL,0),(445,'ml574hw2_nb_04_i.webp','/products/pictures/ml574hw2_nb_04_i.webp',58,NULL,NULL,NULL,NULL,0),(446,'ml574hw2_nb_02_i.webp','/products/pictures/ml574hw2_nb_02_i.webp',58,NULL,NULL,NULL,NULL,0),(447,'ml574hw2_nb_03_i.webp','/products/pictures/ml574hw2_nb_03_i.webp',58,NULL,NULL,NULL,NULL,0),(448,'ml574hw2_nb_05_i.webp','/products/pictures/ml574hw2_nb_05_i.webp',58,NULL,NULL,NULL,NULL,0),(449,'ml574hw2_nb_06_i.webp','/products/pictures/ml574hw2_nb_06_i.webp',58,NULL,NULL,NULL,NULL,0),(450,'ml574ime_nb_07_i.webp','/products/pictures/ml574ime_nb_07_i.webp',59,NULL,NULL,NULL,NULL,0),(451,'ml574ime_nb_03_i.webp','/products/pictures/ml574ime_nb_03_i.webp',59,NULL,NULL,NULL,NULL,0),(452,'ml574ime_nb_06_i.webp','/products/pictures/ml574ime_nb_06_i.webp',59,NULL,NULL,NULL,NULL,0),(453,'ml574ime_nb_08_i.webp','/products/pictures/ml574ime_nb_08_i.webp',59,NULL,NULL,NULL,NULL,0),(454,'ml574ime_nb_09_i.webp','/products/pictures/ml574ime_nb_09_i.webp',59,NULL,NULL,NULL,NULL,0),(455,'ml574ime_nb_05_i.webp','/products/pictures/ml574ime_nb_05_i.webp',59,NULL,NULL,NULL,NULL,0),(456,'ml574ime_nb_04_i.webp','/products/pictures/ml574ime_nb_04_i.webp',59,NULL,NULL,NULL,NULL,0),(457,'ml574ime_nb_02_i.webp','/products/pictures/ml574ime_nb_02_i.webp',59,NULL,NULL,NULL,NULL,0),(458,'mroavch_nb_02_i.webp','/products/pictures/mroavch_nb_02_i.webp',60,NULL,NULL,NULL,NULL,0),(459,'mroavch_nb_03_i.webp','/products/pictures/mroavch_nb_03_i.webp',60,NULL,NULL,NULL,NULL,0),(460,'mroavch_nb_04_i.webp','/products/pictures/mroavch_nb_04_i.webp',60,NULL,NULL,NULL,NULL,0),(461,'mroavch_nb_06_i.webp','/products/pictures/mroavch_nb_06_i.webp',60,NULL,NULL,NULL,NULL,0),(462,'mroavch_nb_05_i.webp','/products/pictures/mroavch_nb_05_i.webp',60,NULL,NULL,NULL,NULL,0),(487,'Large-542023W1GB11000_F.jpg','/products/pictures/Large-542023W1GB11000_F.jpg',67,NULL,NULL,NULL,NULL,0),(488,'Large-542023W1GB11000_I.jpg','/products/pictures/Large-542023W1GB11000_I.jpg',67,NULL,NULL,NULL,NULL,0),(489,'Large-542023W1GB11000_B.jpg','/products/pictures/Large-542023W1GB11000_B.jpg',67,NULL,NULL,NULL,NULL,0),(490,'Large-542023W1GB11000_E.jpg','/products/pictures/Large-542023W1GB11000_E.jpg',67,NULL,NULL,NULL,NULL,0),(491,'Large-542023W1GB11000_D.jpg','/products/pictures/Large-542023W1GB11000_D.jpg',67,NULL,NULL,NULL,NULL,0),(492,'Large-534217W2CA11000_I.jpg','/products/pictures/Large-534217W2CA11000_I.jpg',68,NULL,NULL,NULL,NULL,0),(493,'Large-534217W2CA11000_D.jpg','/products/pictures/Large-534217W2CA11000_D.jpg',68,NULL,NULL,NULL,NULL,0),(494,'Large-534217W2CA11000_E.jpg','/products/pictures/Large-534217W2CA11000_E.jpg',68,NULL,NULL,NULL,NULL,0),(495,'Large-534217W2CA11000_F.jpg','/products/pictures/Large-534217W2CA11000_F.jpg',68,NULL,NULL,NULL,NULL,0),(496,'Large-536737W2FA19010_I.jpg','/products/pictures/Large-536737W2FA19010_I.jpg',69,NULL,NULL,NULL,NULL,0),(497,'Large-536737W2FA19010_A.jpg','/products/pictures/Large-536737W2FA19010_A.jpg',69,NULL,NULL,NULL,NULL,0),(498,'Large-536737W2FA19010_B.jpg','/products/pictures/Large-536737W2FA19010_B.jpg',69,NULL,NULL,NULL,NULL,0),(499,'Large-536737W2FA19010_D.jpg','/products/pictures/Large-536737W2FA19010_D.jpg',69,NULL,NULL,NULL,NULL,0),(500,'Large-536737W2FA19010_F.jpg','/products/pictures/Large-536737W2FA19010_F.jpg',69,NULL,NULL,NULL,NULL,0),(501,'Large-536737W2FA19010_E.jpg','/products/pictures/Large-536737W2FA19010_E.jpg',69,NULL,NULL,NULL,NULL,0),(502,'Large-542023W1GB19059_E.jpg','/products/pictures/Large-542023W1GB19059_E.jpg',70,NULL,NULL,NULL,NULL,0),(503,'Large-542023W1GB19059_I.jpg','/products/pictures/Large-542023W1GB19059_I.jpg',70,NULL,NULL,NULL,NULL,0),(504,'Large-542023W1GB19059_D.jpg','/products/pictures/Large-542023W1GB19059_D.jpg',70,NULL,NULL,NULL,NULL,0),(505,'Large-542023W1GB19059_F.jpg','/products/pictures/Large-542023W1GB19059_F.jpg',70,NULL,NULL,NULL,NULL,0),(537,'77357-001-M_3-650x650.jpg','/products/pictures/77357-001-M_3-650x650.jpg',62,NULL,NULL,NULL,NULL,0),(538,'77357-001-M_4-650x650.jpg','/products/pictures/77357-001-M_4-650x650.jpg',62,NULL,NULL,NULL,NULL,0),(539,'77357-001-M_2-650x650.jpg','/products/pictures/77357-001-M_2-650x650.jpg',62,NULL,NULL,NULL,NULL,0),(540,'77357-001-M_1-650x650.jpg','/products/pictures/77357-001-M_1-650x650.jpg',62,NULL,NULL,NULL,NULL,0),(541,'77357-116-M_2-650x650.jpg','/products/pictures/77357-116-M_2-650x650.jpg',61,NULL,NULL,NULL,NULL,0),(542,'77357-116-M_1-650x650.jpg','/products/pictures/77357-116-M_1-650x650.jpg',61,NULL,NULL,NULL,NULL,0),(543,'77357-116-M_4-650x650.jpg','/products/pictures/77357-116-M_4-650x650.jpg',61,NULL,NULL,NULL,NULL,0),(544,'77357-116-M_3-650x650.jpg','/products/pictures/77357-116-M_3-650x650.jpg',61,NULL,NULL,NULL,NULL,0),(545,'76648-116-M-650x650.jpg','/products/pictures/76648-116-M-650x650.jpg',63,NULL,NULL,NULL,NULL,0),(546,'76648-116-M-1-650x650.jpg','/products/pictures/76648-116-M-1-650x650.jpg',63,NULL,NULL,NULL,NULL,0),(547,'76648-116-M-3-650x650.jpg','/products/pictures/76648-116-M-3-650x650.jpg',63,NULL,NULL,NULL,NULL,0),(548,'76648-116-M-2-650x650.jpg','/products/pictures/76648-116-M-2-650x650.jpg',63,NULL,NULL,NULL,NULL,0),(549,'96205-422-M-DRAKE3-1-650x650.jpg','/products/pictures/96205-422-M-DRAKE3-1-650x650.jpg',64,NULL,NULL,NULL,NULL,0),(550,'96205-422-M-DRAKE4-650x650.jpg','/products/pictures/96205-422-M-DRAKE4-650x650.jpg',64,NULL,NULL,NULL,NULL,0),(551,'96205-422-M-DRAKE6-650x650.jpg','/products/pictures/96205-422-M-DRAKE6-650x650.jpg',64,NULL,NULL,NULL,NULL,0),(552,'96205-422-M-DRAKE1-1-650x650.jpg','/products/pictures/96205-422-M-DRAKE1-1-650x650.jpg',64,NULL,NULL,NULL,NULL,0),(553,'96205-422-M-DRAKE-650x650-650x650.jpg','/products/pictures/96205-422-M-DRAKE-650x650-650x650.jpg',64,NULL,NULL,NULL,NULL,0),(554,'76189-425-M-DRAKE2-650x650.jpg','/products/pictures/76189-425-M-DRAKE2-650x650.jpg',65,NULL,NULL,NULL,NULL,0),(555,'76189-425-M-650x650.jpg','/products/pictures/76189-425-M-650x650.jpg',65,NULL,NULL,NULL,NULL,0),(556,'76189-425-M-DRAKE3-650x650.jpg','/products/pictures/76189-425-M-DRAKE3-650x650.jpg',65,NULL,NULL,NULL,NULL,0),(557,'76189-425-M-DRAKE1-650x650.jpg','/products/pictures/76189-425-M-DRAKE1-650x650.jpg',65,NULL,NULL,NULL,NULL,0),(558,'76189-425-M-DRAKE5-650x650.jpg','/products/pictures/76189-425-M-DRAKE5-650x650.jpg',65,NULL,NULL,NULL,NULL,0),(559,'76230-420-M-DRAKE-650x650.jpg','/products/pictures/76230-420-M-DRAKE-650x650.jpg',66,NULL,NULL,NULL,NULL,0),(560,'76230-420-M-DRAKE1-650x650.jpg','/products/pictures/76230-420-M-DRAKE1-650x650.jpg',66,NULL,NULL,NULL,NULL,0),(561,'76230-420-M-DRAKE5-650x650.jpg','/products/pictures/76230-420-M-DRAKE5-650x650.jpg',66,NULL,NULL,NULL,NULL,0),(562,'76230-420-M-DRAKE3-650x650.jpg','/products/pictures/76230-420-M-DRAKE3-650x650.jpg',66,NULL,NULL,NULL,NULL,0),(563,'7-650x650.jpg','/products/pictures/7-650x650.jpg',96,NULL,NULL,NULL,NULL,1),(564,'20-650x650.jpg','/products/pictures/20-650x650.jpg',96,NULL,NULL,NULL,NULL,1),(565,'02477-431-M-650x650.jpg','/products/pictures/02477-431-M-650x650.jpg',96,NULL,NULL,NULL,NULL,1),(566,'14-650x650.jpg','/products/pictures/14-650x650.jpg',96,NULL,NULL,NULL,NULL,1),(567,'162056C-DRAKE2-650x650.jpg','/products/pictures/162056C-DRAKE2-650x650.jpg',49,NULL,NULL,NULL,NULL,0),(568,'162056C-DRAKE3-650x650.jpg','/products/pictures/162056C-DRAKE3-650x650.jpg',49,NULL,NULL,NULL,NULL,0),(569,'162056-DRAKE-650x650.jpg','/products/pictures/162056-DRAKE-650x650.jpg',49,NULL,NULL,NULL,NULL,0),(570,'162056C-DRAKE1-650x650.jpg','/products/pictures/162056C-DRAKE1-650x650.jpg',49,NULL,NULL,NULL,NULL,0),(571,'162050-DRAKE1-650x650.jpg','/products/pictures/162050-DRAKE1-650x650.jpg',50,NULL,NULL,NULL,NULL,0),(572,'162050-DRAKE-650x650.jpg','/products/pictures/162050-DRAKE-650x650.jpg',50,NULL,NULL,NULL,NULL,0),(573,'162050-DRAKE2-650x650.jpg','/products/pictures/162050-DRAKE2-650x650.jpg',50,NULL,NULL,NULL,NULL,0),(574,'162050-DRAKE3-650x650.jpg','/products/pictures/162050-DRAKE3-650x650.jpg',50,NULL,NULL,NULL,NULL,0),(575,'162065C-DRAKE1-650x650.jpg','/products/pictures/162065C-DRAKE1-650x650.jpg',48,NULL,NULL,NULL,NULL,0),(576,'162065C-DRAKE2-650x650.jpg','/products/pictures/162065C-DRAKE2-650x650.jpg',48,NULL,NULL,NULL,NULL,0),(577,'162065-DRAKE-650x650.jpg','/products/pictures/162065-DRAKE-650x650.jpg',48,NULL,NULL,NULL,NULL,0),(578,'162065C-DRAKE3-650x650.jpg','/products/pictures/162065C-DRAKE3-650x650.jpg',48,NULL,NULL,NULL,NULL,0),(579,'162058-DRAKE-650x650.jpg','/products/pictures/162058-DRAKE-650x650.jpg',47,NULL,NULL,NULL,NULL,0),(580,'162058-DRAKE3-650x650.jpg','/products/pictures/162058-DRAKE3-650x650.jpg',47,NULL,NULL,NULL,NULL,0),(581,'162058-DRAKE2-650x650.jpg','/products/pictures/162058-DRAKE2-650x650.jpg',47,NULL,NULL,NULL,NULL,0),(582,'162058-DRAKE1-650x650.jpg','/products/pictures/162058-DRAKE1-650x650.jpg',47,NULL,NULL,NULL,NULL,0),(583,'170282C-1-650x650.jpg','/products/pictures/170282C-1-650x650.jpg',97,NULL,NULL,NULL,NULL,1),(584,'170282C - drake - 1-650x650.jpg','/products/pictures/170282C - drake - 1-650x650.jpg',97,NULL,NULL,NULL,NULL,1),(585,'170282C-2-650x650.jpg','/products/pictures/170282C-2-650x650.jpg',97,NULL,NULL,NULL,NULL,1),(586,'170282C-3-650x650 (1).jpg','/products/pictures/170282C-3-650x650 (1).jpg',97,NULL,NULL,NULL,NULL,1),(587,'A01170C_P1-650x650.jpg','/products/pictures/A01170C_P1-650x650.jpg',98,NULL,NULL,NULL,NULL,1),(588,'A01170C_4-650x650.jpg','/products/pictures/A01170C_4-650x650.jpg',98,NULL,NULL,NULL,NULL,1),(589,'A01170C_3-650x650.jpg','/products/pictures/A01170C_3-650x650.jpg',98,NULL,NULL,NULL,NULL,1),(590,'A01170C_2-650x650.jpg','/products/pictures/A01170C_2-650x650.jpg',98,NULL,NULL,NULL,NULL,1),(591,'VN0A5FCBY28-3-650x650.jpg','/products/pictures/VN0A5FCBY28-3-650x650.jpg',38,NULL,NULL,NULL,NULL,0),(592,'VN0A5FCBY28-1-650x650.jpg','/products/pictures/VN0A5FCBY28-1-650x650.jpg',38,NULL,NULL,NULL,NULL,0),(593,'VN0A5FCBY28-2-650x650.jpg','/products/pictures/VN0A5FCBY28-2-650x650.jpg',38,NULL,NULL,NULL,NULL,0),(594,'VN0A5FCBY28-650x650.jpg','/products/pictures/VN0A5FCBY28-650x650.jpg',38,NULL,NULL,NULL,NULL,0),(595,'VN0A5JMI1OJ_3-650x650.jpg','/products/pictures/VN0A5JMI1OJ_3-650x650.jpg',39,NULL,NULL,NULL,NULL,0),(596,'VN0A5JMI1OJ_1-650x650.jpg','/products/pictures/VN0A5JMI1OJ_1-650x650.jpg',39,NULL,NULL,NULL,NULL,0),(597,'VN0A5JMI1OJ_2-650x650.jpg','/products/pictures/VN0A5JMI1OJ_2-650x650.jpg',39,NULL,NULL,NULL,NULL,0),(598,'VN0A5JMI1OJ_4-650x650.jpg','/products/pictures/VN0A5JMI1OJ_4-650x650.jpg',39,NULL,NULL,NULL,NULL,0),(599,'D3HW00-1-650x650.jpg','/products/pictures/D3HW00-1-650x650.jpg',40,NULL,NULL,NULL,NULL,0),(600,'VN000D3HW00-DRAKE1-650x650.jpg','/products/pictures/VN000D3HW00-DRAKE1-650x650.jpg',40,NULL,NULL,NULL,NULL,0),(601,'VN000D3HW00-DRAKE2-650x650.jpg','/products/pictures/VN000D3HW00-DRAKE2-650x650.jpg',40,NULL,NULL,NULL,NULL,0),(602,'VN000D3HW00-DRAKE3-650x650.jpg','/products/pictures/VN000D3HW00-DRAKE3-650x650.jpg',40,NULL,NULL,NULL,NULL,0),(603,'14-650x650 (1).jpg','/products/pictures/14-650x650 (1).jpg',42,NULL,NULL,NULL,NULL,0),(604,'VN000D3HBKA-650x650.jpg','/products/pictures/VN000D3HBKA-650x650.jpg',42,NULL,NULL,NULL,NULL,0),(605,'13-650x650.jpg','/products/pictures/13-650x650.jpg',42,NULL,NULL,NULL,NULL,0),(606,'15-650x650.jpg','/products/pictures/15-650x650.jpg',42,NULL,NULL,NULL,NULL,0),(607,'VN000EYEBWW-DRAKE1-650x650.jpg','/products/pictures/VN000EYEBWW-DRAKE1-650x650.jpg',43,NULL,NULL,NULL,NULL,0),(608,'VN000EYEBWW-DRAKE2-650x650.jpg','/products/pictures/VN000EYEBWW-DRAKE2-650x650.jpg',43,NULL,NULL,NULL,NULL,0),(609,'VN000EYEBWW-DRAKE3-650x650.jpg','/products/pictures/VN000EYEBWW-DRAKE3-650x650.jpg',43,NULL,NULL,NULL,NULL,0),(610,'EYEBWW-650x650.jpg','/products/pictures/EYEBWW-650x650.jpg',43,NULL,NULL,NULL,NULL,0),(611,'VN0A33TB43D-2-650x650.jpg','/products/pictures/VN0A33TB43D-2-650x650.jpg',41,NULL,NULL,NULL,NULL,0),(612,'VN0A33TB43D-650x650.jpg','/products/pictures/VN0A33TB43D-650x650.jpg',41,NULL,NULL,NULL,NULL,0),(613,'VN0A33TB43D-3-650x650.jpg','/products/pictures/VN0A33TB43D-3-650x650.jpg',41,NULL,NULL,NULL,NULL,0),(614,'VN0A33TB43D-1-650x650.jpg','/products/pictures/VN0A33TB43D-1-650x650.jpg',41,NULL,NULL,NULL,NULL,0),(615,'VN0A4U16U7B-1-650x650.jpg','/products/pictures/VN0A4U16U7B-1-650x650.jpg',46,NULL,NULL,NULL,NULL,0),(616,'VN0A4U16U7B_PL45-650x650.jpg','/products/pictures/VN0A4U16U7B_PL45-650x650.jpg',46,NULL,NULL,NULL,NULL,0),(617,'VN0A4U16U7B-3-650x650.jpg','/products/pictures/VN0A4U16U7B-3-650x650.jpg',46,NULL,NULL,NULL,NULL,0),(618,'VN0A4U16U7B-2-650x650.jpg','/products/pictures/VN0A4U16U7B-2-650x650.jpg',46,NULL,NULL,NULL,NULL,0),(619,'VN0A38GEUPV-DRAKE3-650x650.jpg','/products/pictures/VN0A38GEUPV-DRAKE3-650x650.jpg',45,NULL,NULL,NULL,NULL,0),(620,'VN0A38GEUPV-DRAKE4-650x650.jpg','/products/pictures/VN0A38GEUPV-DRAKE4-650x650.jpg',45,NULL,NULL,NULL,NULL,0),(621,'VN0A38GEUPV-DRAKE2-650x650.jpg','/products/pictures/VN0A38GEUPV-DRAKE2-650x650.jpg',45,NULL,NULL,NULL,NULL,0),(622,'VN0A38GEUPV-650x650.jpg','/products/pictures/VN0A38GEUPV-650x650.jpg',45,NULL,NULL,NULL,NULL,0),(623,'VN0A4BV6XK9-2-650x650.jpg','/products/pictures/VN0A4BV6XK9-2-650x650.jpg',44,NULL,NULL,NULL,NULL,0),(624,'VN0A4BV6XK9_02-650x650.jpg','/products/pictures/VN0A4BV6XK9_02-650x650.jpg',44,NULL,NULL,NULL,NULL,0),(625,'VN0A4BV6XK9-650x650-650x650.jpg','/products/pictures/VN0A4BV6XK9-650x650-650x650.jpg',44,NULL,NULL,NULL,NULL,0),(626,'VN0A4BV6XK9_03-650x650.jpg','/products/pictures/VN0A4BV6XK9_03-650x650.jpg',44,NULL,NULL,NULL,NULL,0),(627,'VN0A2ZXXYSV-650x650.jpg','/products/pictures/VN0A2ZXXYSV-650x650.jpg',99,NULL,NULL,NULL,NULL,1),(628,'VN0A3HZX6ZC-650x650.jpg','/products/pictures/VN0A3HZX6ZC-650x650.jpg',100,NULL,NULL,NULL,NULL,1);
/*!40000 ALTER TABLE `tbl_product_images` ENABLE KEYS */;
UNLOCK TABLES;

--
-- Table structure for table `tbl_product_size`
--

DROP TABLE IF EXISTS `tbl_product_size`;
/*!40101 SET @saved_cs_client     = @@character_set_client */;
/*!50503 SET character_set_client = utf8mb4 */;
CREATE TABLE `tbl_product_size` (
  `id` int NOT NULL AUTO_INCREMENT,
  `size` varchar(45) CHARACTER SET utf8mb4 COLLATE utf8mb4_bin NOT NULL,
  `remaining` int NOT NULL,
  `created_date` datetime DEFAULT NULL,
  `updated_date` datetime DEFAULT NULL,
  `created_by` int DEFAULT NULL,
  `updated_by` int DEFAULT NULL,
  `status` tinyint(1) DEFAULT NULL,
  `product_id` int NOT NULL,
  PRIMARY KEY (`id`),
  KEY `fk_product_size_idx` (`product_id`),
  CONSTRAINT `fk_product_size` FOREIGN KEY (`product_id`) REFERENCES `tbl_products` (`id`) ON DELETE CASCADE
) ENGINE=InnoDB AUTO_INCREMENT=39 DEFAULT CHARSET=utf8mb4 COLLATE=utf8mb4_bin;
/*!40101 SET character_set_client = @saved_cs_client */;

--
-- Dumping data for table `tbl_product_size`
--

LOCK TABLES `tbl_product_size` WRITE;
/*!40000 ALTER TABLE `tbl_product_size` DISABLE KEYS */;
INSERT INTO `tbl_product_size` VALUES (3,'40',26,'2021-09-15 20:38:53','2021-10-13 20:25:32',1,1,1,1),(4,'41',5,'2021-09-15 20:40:50','2022-04-21 10:44:31',1,NULL,1,1),(5,'42',8,'2021-09-15 21:19:27',NULL,1,NULL,1,1),(6,'43',1,'2021-09-15 21:22:42',NULL,1,NULL,1,1),(7,'38',0,'2021-09-15 21:40:27',NULL,1,NULL,1,2),(8,'39',100,'2021-09-15 21:40:59',NULL,1,NULL,1,2),(9,'40',12,'2021-09-15 21:41:15',NULL,1,NULL,1,2),(10,'41',7,'2021-09-15 21:41:27',NULL,1,NULL,1,2),(11,'43',18,'2021-09-15 21:41:39',NULL,1,NULL,1,2),(12,'42',8,'2021-09-15 21:42:07',NULL,1,NULL,1,2),(13,'38',0,'2021-09-15 22:24:50','2021-10-13 22:05:53',1,NULL,1,1),(14,'39',4,'2021-09-15 22:24:50',NULL,1,NULL,1,1),(15,'37',9,'2021-09-15 22:24:50',NULL,1,NULL,1,1),(16,'37',55,'2021-09-15 22:24:50',NULL,1,NULL,1,2),(20,'44',55,'2022-02-15 14:48:46',NULL,1,NULL,1,1),(25,'37',12,'2023-04-10 14:52:29',NULL,163,NULL,1,64),(26,'38',8,'2023-04-10 14:53:07',NULL,163,NULL,1,64),(27,'40',24,'2023-04-10 14:53:20',NULL,163,NULL,1,64),(28,'37',100,'2023-04-10 16:55:56',NULL,NULL,NULL,1,61),(29,'38',96,'2023-04-10 16:56:57',NULL,NULL,NULL,1,61),(30,'40',100,'2023-04-10 16:57:12',NULL,NULL,NULL,1,61),(31,'42',5,'2023-04-10 17:00:45',NULL,NULL,NULL,1,61),(32,'43',50,'2023-04-10 17:01:05',NULL,NULL,NULL,1,61),(33,'37',93,'2023-04-10 17:26:53',NULL,163,NULL,1,63),(34,'36',15,'2023-04-11 10:29:48',NULL,163,NULL,1,46),(35,'35',9,'2023-04-11 10:33:32',NULL,163,NULL,1,45),(36,'35',4,'2023-04-11 10:37:59',NULL,163,NULL,1,44),(37,'OS',100,'2023-04-11 10:56:25',NULL,163,NULL,1,100),(38,'38',2,'2023-04-16 15:06:54',NULL,163,NULL,1,65);
/*!40000 ALTER TABLE `tbl_product_size` ENABLE KEYS */;
UNLOCK TABLES;

--
-- Table structure for table `tbl_products`
--

DROP TABLE IF EXISTS `tbl_products`;
/*!40101 SET @saved_cs_client     = @@character_set_client */;
/*!50503 SET character_set_client = utf8mb4 */;
CREATE TABLE `tbl_products` (
  `id` int NOT NULL AUTO_INCREMENT,
  `title` varchar(1000) CHARACTER SET utf8mb4 COLLATE utf8mb4_bin NOT NULL,
  `price` decimal(13,2) NOT NULL,
  `price_sale` decimal(13,2) DEFAULT NULL,
  `detail_description` longtext CHARACTER SET utf8mb4 COLLATE utf8mb4_bin NOT NULL,
  `avatar` varchar(200) CHARACTER SET utf8mb4 COLLATE utf8mb4_bin NOT NULL,
  `category_id` int DEFAULT NULL,
  `created_date` datetime DEFAULT NULL,
  `updated_date` datetime DEFAULT NULL,
  `created_by` int DEFAULT NULL,
  `updated_by` int DEFAULT NULL,
  `status` tinyint(1) DEFAULT NULL,
  `seo` varchar(1000) CHARACTER SET utf8mb4 COLLATE utf8mb4_bin DEFAULT NULL,
  `is_hot` tinyint(1) DEFAULT NULL,
  `sold` int DEFAULT NULL,
  PRIMARY KEY (`id`),
  KEY `fk_product_category_idx` (`category_id`),
  CONSTRAINT `fk_product_category` FOREIGN KEY (`category_id`) REFERENCES `tbl_category` (`id`) ON DELETE SET NULL ON UPDATE RESTRICT
) ENGINE=InnoDB AUTO_INCREMENT=101 DEFAULT CHARSET=utf8mb4 COLLATE=utf8mb4_bin;
/*!40101 SET character_set_client = @saved_cs_client */;

--
-- Dumping data for table `tbl_products`
--

LOCK TABLES `tbl_products` WRITE;
/*!40000 ALTER TABLE `tbl_products` DISABLE KEYS */;
INSERT INTO `tbl_products` VALUES (1,'Adidas Falcon nữ Originals Supplier Colour',3200000.00,3000000.00,'<span style=\"color: rgb(137, 137, 137); font-family: &quot;Roboto Condensed&quot;, sans-serif; font-size: 15px; text-align: center;\">- Cam kết chính hãng</span><br style=\"color: rgb(137, 137, 137); font-family: &quot;Roboto Condensed&quot;, sans-serif; font-size: 15px; text-align: center;\"><span style=\"color: rgb(137, 137, 137); font-family: &quot;Roboto Condensed&quot;, sans-serif; font-size: 15px; text-align: center;\">- Vận chuyển toàn quốc&nbsp;[ Kiểm Tra Hàng Trước Khi Thanh Toán ]&nbsp;</span><br style=\"color: rgb(137, 137, 137); font-family: &quot;Roboto Condensed&quot;, sans-serif; font-size: 15px; text-align: center;\"><span style=\"color: rgb(137, 137, 137); font-family: &quot;Roboto Condensed&quot;, sans-serif; font-size: 15px; text-align: center;\">- 100% Ảnh chụp trực tiếp tại Drake Store</span><br style=\"color: rgb(137, 137, 137); font-family: &quot;Roboto Condensed&quot;, sans-serif; font-size: 15px; text-align: center;\"><span style=\"color: rgb(137, 137, 137); font-family: &quot;Roboto Condensed&quot;, sans-serif; font-size: 15px; text-align: center;\">- Bảo Hành Trọn Đời Sản Phẩm&nbsp;</span><br style=\"color: rgb(137, 137, 137); font-family: &quot;Roboto Condensed&quot;, sans-serif; font-size: 15px; text-align: center;\"><span style=\"color: rgb(137, 137, 137); font-family: &quot;Roboto Condensed&quot;, sans-serif; font-size: 15px; text-align: center;\">- Đổi Trả 7 Ngày Không Kể Lí Do&nbsp;</span><br style=\"color: rgb(137, 137, 137); font-family: &quot;Roboto Condensed&quot;, sans-serif; font-size: 15px; text-align: center;\"><span style=\"color: rgb(137, 137, 137); font-family: &quot;Roboto Condensed&quot;, sans-serif; font-size: 15px; text-align: center;\">- Liên Hệ : 0981.982 .267</span>','/products/avatars/Giay_Falcon_Multi_CG6249_01_standard.jpg',13,'2021-08-30 18:18:14','2021-09-16 00:40:57',1,1,1,'adidas-falcon-nu-originals-supplier-colour-1631727657001',1,51),(2,'Adidas Falcon Nam chạy 2.0 Grey Six',1500000.00,1380000.00,'<span style=\"color: rgb(137, 137, 137); font-family: &quot;Roboto Condensed&quot;, sans-serif; font-size: 15px; text-align: center;\">- Cam kết chính hãng</span><br style=\"color: rgb(137, 137, 137); font-family: &quot;Roboto Condensed&quot;, sans-serif; font-size: 15px; text-align: center;\"><span style=\"color: rgb(137, 137, 137); font-family: &quot;Roboto Condensed&quot;, sans-serif; font-size: 15px; text-align: center;\">- Vận chuyển toàn quốc&nbsp;[ Kiểm Tra Hàng Trước Khi Thanh Toán ]&nbsp;</span><br style=\"color: rgb(137, 137, 137); font-family: &quot;Roboto Condensed&quot;, sans-serif; font-size: 15px; text-align: center;\"><span style=\"color: rgb(137, 137, 137); font-family: &quot;Roboto Condensed&quot;, sans-serif; font-size: 15px; text-align: center;\">- 100% Ảnh chụp trực tiếp tại Drake Store</span><br style=\"color: rgb(137, 137, 137); font-family: &quot;Roboto Condensed&quot;, sans-serif; font-size: 15px; text-align: center;\"><span style=\"color: rgb(137, 137, 137); font-family: &quot;Roboto Condensed&quot;, sans-serif; font-size: 15px; text-align: center;\">- Bảo Hành Trọn Đời Sản Phẩm&nbsp;</span><br style=\"color: rgb(137, 137, 137); font-family: &quot;Roboto Condensed&quot;, sans-serif; font-size: 15px; text-align: center;\"><span style=\"color: rgb(137, 137, 137); font-family: &quot;Roboto Condensed&quot;, sans-serif; font-size: 15px; text-align: center;\">- Đổi Trả 7 Ngày Không Kể Lí Do&nbsp;</span><br style=\"color: rgb(137, 137, 137); font-family: &quot;Roboto Condensed&quot;, sans-serif; font-size: 15px; text-align: center;\"><span style=\"color: rgb(137, 137, 137); font-family: &quot;Roboto Condensed&quot;, sans-serif; font-size: 15px; text-align: center;\">- Liên Hệ : 0981.982.267</span>','/products/avatars/Giay_Run_Falcon_2.0_trang_FY5944_01_standard.jpg',13,'2021-08-30 20:04:46','2022-04-19 16:38:23',1,NULL,1,'adidas-falcon-nam-chay-2-0-grey-six-1650361103272',1,53),(3,'Adidas Deerupt Runner Core Black',2700000.00,2600000.00,'<span style=\"color: rgb(137, 137, 137); font-family: &quot;Roboto Condensed&quot;, sans-serif; font-size: 15px; text-align: center;\">- Cam kết chính hãng</span><br style=\"color: rgb(137, 137, 137); font-family: &quot;Roboto Condensed&quot;, sans-serif; font-size: 15px; text-align: center;\"><span style=\"color: rgb(137, 137, 137); font-family: &quot;Roboto Condensed&quot;, sans-serif; font-size: 15px; text-align: center;\">- Vận chuyển toàn quốc&nbsp;[ Kiểm Tra Hàng Trước Khi Thanh Toán ]&nbsp;</span><br style=\"color: rgb(137, 137, 137); font-family: &quot;Roboto Condensed&quot;, sans-serif; font-size: 15px; text-align: center;\"><span style=\"color: rgb(137, 137, 137); font-family: &quot;Roboto Condensed&quot;, sans-serif; font-size: 15px; text-align: center;\">- 100% Ảnh chụp trực tiếp tại Drake Store</span><br style=\"color: rgb(137, 137, 137); font-family: &quot;Roboto Condensed&quot;, sans-serif; font-size: 15px; text-align: center;\"><span style=\"color: rgb(137, 137, 137); font-family: &quot;Roboto Condensed&quot;, sans-serif; font-size: 15px; text-align: center;\">- Bảo Hành Trọn Đời Sản Phẩm&nbsp;</span><br style=\"color: rgb(137, 137, 137); font-family: &quot;Roboto Condensed&quot;, sans-serif; font-size: 15px; text-align: center;\"><span style=\"color: rgb(137, 137, 137); font-family: &quot;Roboto Condensed&quot;, sans-serif; font-size: 15px; text-align: center;\">- Đổi Trả 7 Ngày Không Kể Lí Do&nbsp;</span><br style=\"color: rgb(137, 137, 137); font-family: &quot;Roboto Condensed&quot;, sans-serif; font-size: 15px; text-align: center;\"><span style=\"color: rgb(137, 137, 137); font-family: &quot;Roboto Condensed&quot;, sans-serif; font-size: 15px; text-align: center;\">- Liên Hệ : 0981.982.267</span>','/products/avatars/Giay_Deerupt_Runner_DJen_BD7890_01_standard.jpg',12,'2021-08-30 20:32:48','2021-09-15 10:27:17',1,1,1,'adidas-deerupt-runner-core-black-1631676436793',1,NULL),(4,'Adidas NMD R1 Nữ Originals Ash Pearl',3400000.00,3350000.00,'<span style=\"color: rgb(137, 137, 137); font-family: &quot;Roboto Condensed&quot;, sans-serif; font-size: 15px; text-align: center;\">- Cam kết chính hãng</span><br style=\"color: rgb(137, 137, 137); font-family: &quot;Roboto Condensed&quot;, sans-serif; font-size: 15px; text-align: center;\"><span style=\"color: rgb(137, 137, 137); font-family: &quot;Roboto Condensed&quot;, sans-serif; font-size: 15px; text-align: center;\">- Vận chuyển toàn quốc&nbsp;[ Kiểm Tra Hàng Trước Khi Thanh Toán ]&nbsp;</span><br style=\"color: rgb(137, 137, 137); font-family: &quot;Roboto Condensed&quot;, sans-serif; font-size: 15px; text-align: center;\"><span style=\"color: rgb(137, 137, 137); font-family: &quot;Roboto Condensed&quot;, sans-serif; font-size: 15px; text-align: center;\">- 100% Ảnh chụp trực tiếp tại Drake Store</span><br style=\"color: rgb(137, 137, 137); font-family: &quot;Roboto Condensed&quot;, sans-serif; font-size: 15px; text-align: center;\"><span style=\"color: rgb(137, 137, 137); font-family: &quot;Roboto Condensed&quot;, sans-serif; font-size: 15px; text-align: center;\">- Bảo Hành Trọn Đời Sản Phẩm&nbsp;</span><br style=\"color: rgb(137, 137, 137); font-family: &quot;Roboto Condensed&quot;, sans-serif; font-size: 15px; text-align: center;\"><span style=\"color: rgb(137, 137, 137); font-family: &quot;Roboto Condensed&quot;, sans-serif; font-size: 15px; text-align: center;\">- Đổi Trả 7 Ngày Không Kể Lí Do&nbsp;</span><br style=\"color: rgb(137, 137, 137); font-family: &quot;Roboto Condensed&quot;, sans-serif; font-size: 15px; text-align: center;\"><span style=\"color: rgb(137, 137, 137); font-family: &quot;Roboto Condensed&quot;, sans-serif; font-size: 15px; text-align: center;\">- Liên Hệ : 0981.982.267</span>','/products/avatars/Giay_NMD_R1_trang_FV2475_01_standard.jpg',16,'2021-08-30 22:45:43','2021-09-15 10:27:56',1,1,1,'adidas-nmd-r1-nu-originals-ash-pearl-1631676475956',1,NULL),(5,'Adidas NMD R1 Originals Grey Two',3400000.00,3200000.00,'<span style=\"color: rgb(137, 137, 137); font-family: &quot;Roboto Condensed&quot;, sans-serif; font-size: 15px; text-align: center;\">- Cam kết chính hãng</span><br style=\"color: rgb(137, 137, 137); font-family: &quot;Roboto Condensed&quot;, sans-serif; font-size: 15px; text-align: center;\"><span style=\"color: rgb(137, 137, 137); font-family: &quot;Roboto Condensed&quot;, sans-serif; font-size: 15px; text-align: center;\">- Vận chuyển toàn quốc&nbsp;[ Kiểm Tra Hàng Trước Khi Thanh Toán ]&nbsp;</span><br style=\"color: rgb(137, 137, 137); font-family: &quot;Roboto Condensed&quot;, sans-serif; font-size: 15px; text-align: center;\"><span style=\"color: rgb(137, 137, 137); font-family: &quot;Roboto Condensed&quot;, sans-serif; font-size: 15px; text-align: center;\">- 100% Ảnh chụp trực tiếp tại Drake Store</span><br style=\"color: rgb(137, 137, 137); font-family: &quot;Roboto Condensed&quot;, sans-serif; font-size: 15px; text-align: center;\"><span style=\"color: rgb(137, 137, 137); font-family: &quot;Roboto Condensed&quot;, sans-serif; font-size: 15px; text-align: center;\">- Bảo Hành Trọn Đời Sản Phẩm&nbsp;</span><br style=\"color: rgb(137, 137, 137); font-family: &quot;Roboto Condensed&quot;, sans-serif; font-size: 15px; text-align: center;\"><span style=\"color: rgb(137, 137, 137); font-family: &quot;Roboto Condensed&quot;, sans-serif; font-size: 15px; text-align: center;\">- Đổi Trả 7 Ngày Không Kể Lí Do&nbsp;</span><br style=\"color: rgb(137, 137, 137); font-family: &quot;Roboto Condensed&quot;, sans-serif; font-size: 15px; text-align: center;\"><span style=\"color: rgb(137, 137, 137); font-family: &quot;Roboto Condensed&quot;, sans-serif; font-size: 15px; text-align: center;\">- Liên Hệ : 0981.982.267</span>','/products/avatars/Giay_NMD_R1_trang_G55576_01_standard.jpg',16,'2021-08-30 22:57:39','2021-09-15 10:28:15',1,1,1,'adidas-nmd-r1-originals-grey-two-1631676495326',1,NULL),(6,'Adidas NMD R1 Nam Originals Blue Bird',3600000.00,3400000.00,'<span style=\"color: rgb(137, 137, 137); font-family: &quot;Roboto Condensed&quot;, sans-serif; font-size: 15px; text-align: center;\">- Cam kết chính hãng</span><br style=\"color: rgb(137, 137, 137); font-family: &quot;Roboto Condensed&quot;, sans-serif; font-size: 15px; text-align: center;\"><span style=\"color: rgb(137, 137, 137); font-family: &quot;Roboto Condensed&quot;, sans-serif; font-size: 15px; text-align: center;\">- Vận chuyển toàn quốc&nbsp;[ Kiểm Tra Hàng Trước Khi Thanh Toán ]&nbsp;</span><br style=\"color: rgb(137, 137, 137); font-family: &quot;Roboto Condensed&quot;, sans-serif; font-size: 15px; text-align: center;\"><span style=\"color: rgb(137, 137, 137); font-family: &quot;Roboto Condensed&quot;, sans-serif; font-size: 15px; text-align: center;\">- 100% Ảnh chụp trực tiếp tại Drake Store</span><br style=\"color: rgb(137, 137, 137); font-family: &quot;Roboto Condensed&quot;, sans-serif; font-size: 15px; text-align: center;\"><span style=\"color: rgb(137, 137, 137); font-family: &quot;Roboto Condensed&quot;, sans-serif; font-size: 15px; text-align: center;\">- Bảo Hành Trọn Đời Sản Phẩm&nbsp;</span><br style=\"color: rgb(137, 137, 137); font-family: &quot;Roboto Condensed&quot;, sans-serif; font-size: 15px; text-align: center;\"><span style=\"color: rgb(137, 137, 137); font-family: &quot;Roboto Condensed&quot;, sans-serif; font-size: 15px; text-align: center;\">- Đổi Trả 7 Ngày Không Kể Lí Do&nbsp;</span><br style=\"color: rgb(137, 137, 137); font-family: &quot;Roboto Condensed&quot;, sans-serif; font-size: 15px; text-align: center;\"><span style=\"color: rgb(137, 137, 137); font-family: &quot;Roboto Condensed&quot;, sans-serif; font-size: 15px; text-align: center;\">- Liên Hệ : 0981.982.267</span>','/products/avatars/Giay_NMD_R1_trang_GX0999_01_standard.jpg',16,'2021-08-30 23:00:19','2021-09-15 10:26:59',1,1,1,'adidas-nmd-r1-nam-originals-blue-bird-1631676418845',1,NULL),(7,'Adidas NMD R1 Nam Originals Core White',3600000.00,3400000.00,'<span style=\"color: rgb(137, 137, 137); font-family: &quot;Roboto Condensed&quot;, sans-serif; font-size: 15px; text-align: center;\">- Cam kết chính hãng</span><br style=\"color: rgb(137, 137, 137); font-family: &quot;Roboto Condensed&quot;, sans-serif; font-size: 15px; text-align: center;\"><span style=\"color: rgb(137, 137, 137); font-family: &quot;Roboto Condensed&quot;, sans-serif; font-size: 15px; text-align: center;\">- Vận chuyển toàn quốc&nbsp;[ Kiểm Tra Hàng Trước Khi Thanh Toán ]&nbsp;</span><br style=\"color: rgb(137, 137, 137); font-family: &quot;Roboto Condensed&quot;, sans-serif; font-size: 15px; text-align: center;\"><span style=\"color: rgb(137, 137, 137); font-family: &quot;Roboto Condensed&quot;, sans-serif; font-size: 15px; text-align: center;\">- 100% Ảnh chụp trực tiếp tại Drake Store</span><br style=\"color: rgb(137, 137, 137); font-family: &quot;Roboto Condensed&quot;, sans-serif; font-size: 15px; text-align: center;\"><span style=\"color: rgb(137, 137, 137); font-family: &quot;Roboto Condensed&quot;, sans-serif; font-size: 15px; text-align: center;\">- Bảo Hành Trọn Đời Sản Phẩm&nbsp;</span><br style=\"color: rgb(137, 137, 137); font-family: &quot;Roboto Condensed&quot;, sans-serif; font-size: 15px; text-align: center;\"><span style=\"color: rgb(137, 137, 137); font-family: &quot;Roboto Condensed&quot;, sans-serif; font-size: 15px; text-align: center;\">- Đổi Trả 7 Ngày Không Kể Lí Do&nbsp;</span><br style=\"color: rgb(137, 137, 137); font-family: &quot;Roboto Condensed&quot;, sans-serif; font-size: 15px; text-align: center;\"><span style=\"color: rgb(137, 137, 137); font-family: &quot;Roboto Condensed&quot;, sans-serif; font-size: 15px; text-align: center;\">- Liên Hệ : 0981.982.267</span>','/products/avatars/Giay_NMD_R1_trang_GZ7947_01_standard.jpg',16,'2021-08-30 23:02:19','2021-09-15 10:28:28',1,1,1,'adidas-nmd-r1-nam-originals-core-white-1631676507585',1,NULL),(8,'Adidas OZEWEEGO ZIP Originals Active Pink',3400000.00,3350000.00,'<span style=\"color: rgb(137, 137, 137); font-family: &quot;Roboto Condensed&quot;, sans-serif; font-size: 15px; text-align: center;\">- Cam kết chính hãng</span><br style=\"color: rgb(137, 137, 137); font-family: &quot;Roboto Condensed&quot;, sans-serif; font-size: 15px; text-align: center;\"><span style=\"color: rgb(137, 137, 137); font-family: &quot;Roboto Condensed&quot;, sans-serif; font-size: 15px; text-align: center;\">- Vận chuyển toàn quốc&nbsp;[ Kiểm Tra Hàng Trước Khi Thanh Toán ]&nbsp;</span><br style=\"color: rgb(137, 137, 137); font-family: &quot;Roboto Condensed&quot;, sans-serif; font-size: 15px; text-align: center;\"><span style=\"color: rgb(137, 137, 137); font-family: &quot;Roboto Condensed&quot;, sans-serif; font-size: 15px; text-align: center;\">- 100% Ảnh chụp trực tiếp tại Drake Store</span><br style=\"color: rgb(137, 137, 137); font-family: &quot;Roboto Condensed&quot;, sans-serif; font-size: 15px; text-align: center;\"><span style=\"color: rgb(137, 137, 137); font-family: &quot;Roboto Condensed&quot;, sans-serif; font-size: 15px; text-align: center;\">- Bảo Hành Trọn Đời Sản Phẩm&nbsp;</span><br style=\"color: rgb(137, 137, 137); font-family: &quot;Roboto Condensed&quot;, sans-serif; font-size: 15px; text-align: center;\"><span style=\"color: rgb(137, 137, 137); font-family: &quot;Roboto Condensed&quot;, sans-serif; font-size: 15px; text-align: center;\">- Đổi Trả 7 Ngày Không Kể Lí Do&nbsp;</span><br style=\"color: rgb(137, 137, 137); font-family: &quot;Roboto Condensed&quot;, sans-serif; font-size: 15px; text-align: center;\"><span style=\"color: rgb(137, 137, 137); font-family: &quot;Roboto Condensed&quot;, sans-serif; font-size: 15px; text-align: center;\">- Liên Hệ : 0981.982.267</span>','/products/avatars/Giay_OZWEEGO_Zip_trang_GZ2644_01_standard.jpg',14,'2021-08-30 23:05:04','2022-04-20 16:35:30',1,NULL,0,'adidas-ozeweego-zip-originals-active-pink-1650447329937',1,NULL),(9,'Adidas OZEWEEGO LITE W Nữ Originals Active Pink',3100000.00,3000000.00,'<span style=\"color: rgb(137, 137, 137); font-family: &quot;Roboto Condensed&quot;, sans-serif; font-size: 15px; text-align: center;\">- Cam kết chính hãng</span><br style=\"color: rgb(137, 137, 137); font-family: &quot;Roboto Condensed&quot;, sans-serif; font-size: 15px; text-align: center;\"><span style=\"color: rgb(137, 137, 137); font-family: &quot;Roboto Condensed&quot;, sans-serif; font-size: 15px; text-align: center;\">- Vận chuyển toàn quốc&nbsp;[ Kiểm Tra Hàng Trước Khi Thanh Toán ]&nbsp;</span><br style=\"color: rgb(137, 137, 137); font-family: &quot;Roboto Condensed&quot;, sans-serif; font-size: 15px; text-align: center;\"><span style=\"color: rgb(137, 137, 137); font-family: &quot;Roboto Condensed&quot;, sans-serif; font-size: 15px; text-align: center;\">- 100% Ảnh chụp trực tiếp tại Drake Store</span><br style=\"color: rgb(137, 137, 137); font-family: &quot;Roboto Condensed&quot;, sans-serif; font-size: 15px; text-align: center;\"><span style=\"color: rgb(137, 137, 137); font-family: &quot;Roboto Condensed&quot;, sans-serif; font-size: 15px; text-align: center;\">- Bảo Hành Trọn Đời Sản Phẩm&nbsp;</span><br style=\"color: rgb(137, 137, 137); font-family: &quot;Roboto Condensed&quot;, sans-serif; font-size: 15px; text-align: center;\"><span style=\"color: rgb(137, 137, 137); font-family: &quot;Roboto Condensed&quot;, sans-serif; font-size: 15px; text-align: center;\">- Đổi Trả 7 Ngày Không Kể Lí Do&nbsp;</span><br style=\"color: rgb(137, 137, 137); font-family: &quot;Roboto Condensed&quot;, sans-serif; font-size: 15px; text-align: center;\"><span style=\"color: rgb(137, 137, 137); font-family: &quot;Roboto Condensed&quot;, sans-serif; font-size: 15px; text-align: center;\">- Liên Hệ : 0981.982.267</span>','/products/avatars/OZWEEGO_LITE_W_trang_FX6295_01_standard.jpg',14,'2021-08-30 23:08:14','2021-09-15 10:28:52',1,1,1,'adidas-ozeweego-lite-w-nu-originals-active-pink-1631676532355',1,NULL),(10,'Adidas ADILETTE Originals  White Black',800000.00,750000.00,'<span style=\"color: rgb(137, 137, 137); font-family: &quot;Roboto Condensed&quot;, sans-serif; font-size: 15px; text-align: center;\">- Cam kết chính hãng</span><br style=\"color: rgb(137, 137, 137); font-family: &quot;Roboto Condensed&quot;, sans-serif; font-size: 15px; text-align: center;\"><span style=\"color: rgb(137, 137, 137); font-family: &quot;Roboto Condensed&quot;, sans-serif; font-size: 15px; text-align: center;\">- Vận chuyển toàn quốc&nbsp;[ Kiểm Tra Hàng Trước Khi Thanh Toán ]&nbsp;</span><br style=\"color: rgb(137, 137, 137); font-family: &quot;Roboto Condensed&quot;, sans-serif; font-size: 15px; text-align: center;\"><span style=\"color: rgb(137, 137, 137); font-family: &quot;Roboto Condensed&quot;, sans-serif; font-size: 15px; text-align: center;\">- 100% Ảnh chụp trực tiếp tại Drake Store</span><br style=\"color: rgb(137, 137, 137); font-family: &quot;Roboto Condensed&quot;, sans-serif; font-size: 15px; text-align: center;\"><span style=\"color: rgb(137, 137, 137); font-family: &quot;Roboto Condensed&quot;, sans-serif; font-size: 15px; text-align: center;\">- Bảo Hành Trọn Đời Sản Phẩm&nbsp;</span><br style=\"color: rgb(137, 137, 137); font-family: &quot;Roboto Condensed&quot;, sans-serif; font-size: 15px; text-align: center;\"><span style=\"color: rgb(137, 137, 137); font-family: &quot;Roboto Condensed&quot;, sans-serif; font-size: 15px; text-align: center;\">- Đổi Trả 7 Ngày Không Kể Lí Do&nbsp;</span><br style=\"color: rgb(137, 137, 137); font-family: &quot;Roboto Condensed&quot;, sans-serif; font-size: 15px; text-align: center;\"><span style=\"color: rgb(137, 137, 137); font-family: &quot;Roboto Condensed&quot;, sans-serif; font-size: 15px; text-align: center;\">- Liên Hệ : 0981.982.267</span>','/products/avatars/ADILETTE_LITE_trang_FU8297_01_standard.jpg',20,'2021-08-31 10:36:36','2021-09-15 10:30:02',1,1,1,'adidas-adilette-originals-white-black-1631676602138',1,NULL),(11,'Adidas adilette originals White',900000.00,880000.00,'<span style=\"color: rgb(137, 137, 137); font-family: &quot;Roboto Condensed&quot;, sans-serif; font-size: 15px; text-align: center;\">- Cam kết chính hãng</span><br style=\"color: rgb(137, 137, 137); font-family: &quot;Roboto Condensed&quot;, sans-serif; font-size: 15px; text-align: center;\"><span style=\"color: rgb(137, 137, 137); font-family: &quot;Roboto Condensed&quot;, sans-serif; font-size: 15px; text-align: center;\">- Vận chuyển toàn quốc&nbsp;[ Kiểm Tra Hàng Trước Khi Thanh Toán ]&nbsp;</span><br style=\"color: rgb(137, 137, 137); font-family: &quot;Roboto Condensed&quot;, sans-serif; font-size: 15px; text-align: center;\"><span style=\"color: rgb(137, 137, 137); font-family: &quot;Roboto Condensed&quot;, sans-serif; font-size: 15px; text-align: center;\">- 100% Ảnh chụp trực tiếp tại Drake Store</span><br style=\"color: rgb(137, 137, 137); font-family: &quot;Roboto Condensed&quot;, sans-serif; font-size: 15px; text-align: center;\"><span style=\"color: rgb(137, 137, 137); font-family: &quot;Roboto Condensed&quot;, sans-serif; font-size: 15px; text-align: center;\">- Bảo Hành Trọn Đời Sản Phẩm&nbsp;</span><br style=\"color: rgb(137, 137, 137); font-family: &quot;Roboto Condensed&quot;, sans-serif; font-size: 15px; text-align: center;\"><span style=\"color: rgb(137, 137, 137); font-family: &quot;Roboto Condensed&quot;, sans-serif; font-size: 15px; text-align: center;\">- Đổi Trả 7 Ngày Không Kể Lí Do&nbsp;</span><br style=\"color: rgb(137, 137, 137); font-family: &quot;Roboto Condensed&quot;, sans-serif; font-size: 15px; text-align: center;\"><span style=\"color: rgb(137, 137, 137); font-family: &quot;Roboto Condensed&quot;, sans-serif; font-size: 15px; text-align: center;\">- Liên Hệ : 0981.982.267</span>','/products/avatars/Dep_adilette_trang_280648_01_standard.jpg',20,'2021-08-31 10:39:08','2021-09-15 10:29:19',1,1,1,'adidas-adilette-originals-white-1631676559095',1,NULL),(12,'Adidas quai ngang Adilette Aqua Swim Dark Blue',600000.00,550000.00,'<span style=\"color: rgb(137, 137, 137); font-family: &quot;Roboto Condensed&quot;, sans-serif; font-size: 15px; text-align: center;\">- Cam kết chính hãng</span><br style=\"color: rgb(137, 137, 137); font-family: &quot;Roboto Condensed&quot;, sans-serif; font-size: 15px; text-align: center;\"><span style=\"color: rgb(137, 137, 137); font-family: &quot;Roboto Condensed&quot;, sans-serif; font-size: 15px; text-align: center;\">- Vận chuyển toàn quốc&nbsp;[ Kiểm Tra Hàng Trước Khi Thanh Toán ]&nbsp;</span><br style=\"color: rgb(137, 137, 137); font-family: &quot;Roboto Condensed&quot;, sans-serif; font-size: 15px; text-align: center;\"><span style=\"color: rgb(137, 137, 137); font-family: &quot;Roboto Condensed&quot;, sans-serif; font-size: 15px; text-align: center;\">- 100% Ảnh chụp trực tiếp tại Drake Store</span><br style=\"color: rgb(137, 137, 137); font-family: &quot;Roboto Condensed&quot;, sans-serif; font-size: 15px; text-align: center;\"><span style=\"color: rgb(137, 137, 137); font-family: &quot;Roboto Condensed&quot;, sans-serif; font-size: 15px; text-align: center;\">- Bảo Hành Trọn Đời Sản Phẩm&nbsp;</span><br style=\"color: rgb(137, 137, 137); font-family: &quot;Roboto Condensed&quot;, sans-serif; font-size: 15px; text-align: center;\"><span style=\"color: rgb(137, 137, 137); font-family: &quot;Roboto Condensed&quot;, sans-serif; font-size: 15px; text-align: center;\">- Đổi Trả 7 Ngày Không Kể Lí Do&nbsp;</span><br style=\"color: rgb(137, 137, 137); font-family: &quot;Roboto Condensed&quot;, sans-serif; font-size: 15px; text-align: center;\"><span style=\"color: rgb(137, 137, 137); font-family: &quot;Roboto Condensed&quot;, sans-serif; font-size: 15px; text-align: center;\">- Liên Hệ : 0981.982.267</span>','/products/avatars/Dep_quai_ngang_Adilette_Aqua_Mau_xanh_da_troi_F35542_01_standard.jpg',20,'2021-08-31 10:46:56','2021-09-15 10:29:33',1,1,1,'adidas-quai-ngang-adilette-aqua-swim-dark-blue-1631676572540',1,NULL),(13,'Adidas quai ngang Adilette Comfort bơi lội Core Black',850000.00,800000.00,'<span style=\"color: rgb(137, 137, 137); font-family: &quot;Roboto Condensed&quot;, sans-serif; font-size: 15px; text-align: center;\">- Cam kết chính hãng</span><br style=\"color: rgb(137, 137, 137); font-family: &quot;Roboto Condensed&quot;, sans-serif; font-size: 15px; text-align: center;\"><span style=\"color: rgb(137, 137, 137); font-family: &quot;Roboto Condensed&quot;, sans-serif; font-size: 15px; text-align: center;\">- Vận chuyển toàn quốc&nbsp;[ Kiểm Tra Hàng Trước Khi Thanh Toán ]&nbsp;</span><br style=\"color: rgb(137, 137, 137); font-family: &quot;Roboto Condensed&quot;, sans-serif; font-size: 15px; text-align: center;\"><span style=\"color: rgb(137, 137, 137); font-family: &quot;Roboto Condensed&quot;, sans-serif; font-size: 15px; text-align: center;\">- 100% Ảnh chụp trực tiếp tại Drake Store</span><br style=\"color: rgb(137, 137, 137); font-family: &quot;Roboto Condensed&quot;, sans-serif; font-size: 15px; text-align: center;\"><span style=\"color: rgb(137, 137, 137); font-family: &quot;Roboto Condensed&quot;, sans-serif; font-size: 15px; text-align: center;\">- Bảo Hành Trọn Đời Sản Phẩm&nbsp;</span><br style=\"color: rgb(137, 137, 137); font-family: &quot;Roboto Condensed&quot;, sans-serif; font-size: 15px; text-align: center;\"><span style=\"color: rgb(137, 137, 137); font-family: &quot;Roboto Condensed&quot;, sans-serif; font-size: 15px; text-align: center;\">- Đổi Trả 7 Ngày Không Kể Lí Do&nbsp;</span><br style=\"color: rgb(137, 137, 137); font-family: &quot;Roboto Condensed&quot;, sans-serif; font-size: 15px; text-align: center;\"><span style=\"color: rgb(137, 137, 137); font-family: &quot;Roboto Condensed&quot;, sans-serif; font-size: 15px; text-align: center;\">- Liên Hệ : 0981.982.267</span>','/products/avatars/Dep_quai_ngang_Adilette_Comfort_DJen_S82137_01_standard.jpg',20,'2021-08-31 10:51:32','2021-09-15 10:29:49',1,1,1,'adidas-quai-ngang-adilette-comfort-boi-loi-core-black-1631676588663',1,NULL),(16,'Nike Blazer Low \'77',1659000.00,1659000.00,'<p><span style=\"color: rgb(137, 137, 137); font-family: &quot;Roboto Condensed&quot;, sans-serif; font-size: 15px; text-align: center;\">- Cam kết chính hãng</span><br style=\"color: rgb(137, 137, 137); font-family: &quot;Roboto Condensed&quot;, sans-serif; font-size: 15px; text-align: center;\"><span style=\"color: rgb(137, 137, 137); font-family: &quot;Roboto Condensed&quot;, sans-serif; font-size: 15px; text-align: center;\">- Vận chuyển toàn quốc&nbsp;[ Kiểm Tra Hàng Trước Khi Thanh Toán ]&nbsp;</span><br style=\"color: rgb(137, 137, 137); font-family: &quot;Roboto Condensed&quot;, sans-serif; font-size: 15px; text-align: center;\"><span style=\"color: rgb(137, 137, 137); font-family: &quot;Roboto Condensed&quot;, sans-serif; font-size: 15px; text-align: center;\">- 100% Ảnh chụp trực tiếp tại Drake Store</span><br style=\"color: rgb(137, 137, 137); font-family: &quot;Roboto Condensed&quot;, sans-serif; font-size: 15px; text-align: center;\"><span style=\"color: rgb(137, 137, 137); font-family: &quot;Roboto Condensed&quot;, sans-serif; font-size: 15px; text-align: center;\">- Bảo Hành Trọn Đời Sản Phẩm&nbsp;</span><br style=\"color: rgb(137, 137, 137); font-family: &quot;Roboto Condensed&quot;, sans-serif; font-size: 15px; text-align: center;\"><span style=\"color: rgb(137, 137, 137); font-family: &quot;Roboto Condensed&quot;, sans-serif; font-size: 15px; text-align: center;\">- Đổi Trả 7 Ngày Không Kể Lí Do&nbsp;</span><br style=\"color: rgb(137, 137, 137); font-family: &quot;Roboto Condensed&quot;, sans-serif; font-size: 15px; text-align: center;\"><span style=\"color: rgb(137, 137, 137); font-family: &quot;Roboto Condensed&quot;, sans-serif; font-size: 15px; text-align: center;\">- Liên Hệ : 0981.982.267</span><br></p>','/products/avatars/blazer-low-77-older-shoe-J24TzH (1).png',24,'2021-09-13 21:52:09','2021-09-13 21:52:09',1,1,1,'nike-blazer-low-77-1631544729350',0,NULL),(17,'Nike Blazer Mid \'77 SE',2419000.00,2419000.00,'<p><span style=\"color: rgb(137, 137, 137); font-family: &quot;Roboto Condensed&quot;, sans-serif; font-size: 15px; text-align: center;\">- Cam kết chính hãng</span><br style=\"color: rgb(137, 137, 137); font-family: &quot;Roboto Condensed&quot;, sans-serif; font-size: 15px; text-align: center;\"><span style=\"color: rgb(137, 137, 137); font-family: &quot;Roboto Condensed&quot;, sans-serif; font-size: 15px; text-align: center;\">- Vận chuyển toàn quốc&nbsp;[ Kiểm Tra Hàng Trước Khi Thanh Toán ]&nbsp;</span><br style=\"color: rgb(137, 137, 137); font-family: &quot;Roboto Condensed&quot;, sans-serif; font-size: 15px; text-align: center;\"><span style=\"color: rgb(137, 137, 137); font-family: &quot;Roboto Condensed&quot;, sans-serif; font-size: 15px; text-align: center;\">- 100% Ảnh chụp trực tiếp tại Drake Store</span><br style=\"color: rgb(137, 137, 137); font-family: &quot;Roboto Condensed&quot;, sans-serif; font-size: 15px; text-align: center;\"><span style=\"color: rgb(137, 137, 137); font-family: &quot;Roboto Condensed&quot;, sans-serif; font-size: 15px; text-align: center;\">- Bảo Hành Trọn Đời Sản Phẩm&nbsp;</span><br style=\"color: rgb(137, 137, 137); font-family: &quot;Roboto Condensed&quot;, sans-serif; font-size: 15px; text-align: center;\"><span style=\"color: rgb(137, 137, 137); font-family: &quot;Roboto Condensed&quot;, sans-serif; font-size: 15px; text-align: center;\">- Đổi Trả 7 Ngày Không Kể Lí Do&nbsp;</span><br style=\"color: rgb(137, 137, 137); font-family: &quot;Roboto Condensed&quot;, sans-serif; font-size: 15px; text-align: center;\"><span style=\"color: rgb(137, 137, 137); font-family: &quot;Roboto Condensed&quot;, sans-serif; font-size: 15px; text-align: center;\">- Liên Hệ : 0981.982.267</span><br></p>','/products/avatars/blazer-mid-77-se-older-shoe-s3nNf6 (1).png',24,'2021-09-13 21:53:57','2021-09-13 21:53:57',1,1,1,'nike-blazer-mid-77-se-1631544837242',0,NULL),(18,'Nike Blazer Mid \'77',2929000.00,2338000.00,'<p><span style=\"color: rgb(137, 137, 137); font-family: &quot;Roboto Condensed&quot;, sans-serif; font-size: 15px; text-align: center;\">- Cam kết chính hãng</span><br style=\"color: rgb(137, 137, 137); font-family: &quot;Roboto Condensed&quot;, sans-serif; font-size: 15px; text-align: center;\"><span style=\"color: rgb(137, 137, 137); font-family: &quot;Roboto Condensed&quot;, sans-serif; font-size: 15px; text-align: center;\">- Vận chuyển toàn quốc&nbsp;[ Kiểm Tra Hàng Trước Khi Thanh Toán ]&nbsp;</span><br style=\"color: rgb(137, 137, 137); font-family: &quot;Roboto Condensed&quot;, sans-serif; font-size: 15px; text-align: center;\"><span style=\"color: rgb(137, 137, 137); font-family: &quot;Roboto Condensed&quot;, sans-serif; font-size: 15px; text-align: center;\">- 100% Ảnh chụp trực tiếp tại Drake Store</span><br style=\"color: rgb(137, 137, 137); font-family: &quot;Roboto Condensed&quot;, sans-serif; font-size: 15px; text-align: center;\"><span style=\"color: rgb(137, 137, 137); font-family: &quot;Roboto Condensed&quot;, sans-serif; font-size: 15px; text-align: center;\">- Bảo Hành Trọn Đời Sản Phẩm&nbsp;</span><br style=\"color: rgb(137, 137, 137); font-family: &quot;Roboto Condensed&quot;, sans-serif; font-size: 15px; text-align: center;\"><span style=\"color: rgb(137, 137, 137); font-family: &quot;Roboto Condensed&quot;, sans-serif; font-size: 15px; text-align: center;\">- Đổi Trả 7 Ngày Không Kể Lí Do&nbsp;</span><br style=\"color: rgb(137, 137, 137); font-family: &quot;Roboto Condensed&quot;, sans-serif; font-size: 15px; text-align: center;\"><span style=\"color: rgb(137, 137, 137); font-family: &quot;Roboto Condensed&quot;, sans-serif; font-size: 15px; text-align: center;\">- Liên Hệ : 0981.982.267</span><br></p>','/products/avatars/blazer-mid-77-shoes-2PCxLw (1).png',24,'2021-09-13 21:56:02','2021-09-15 00:28:02',1,1,1,'nike-blazer-mid-77-1631640481637',0,NULL),(19,'Nike Blazer Mid \'77 Vintage',2929000.00,2929000.00,'<p><span style=\"color: rgb(137, 137, 137); font-family: &quot;Roboto Condensed&quot;, sans-serif; font-size: 15px; text-align: center;\">- Cam kết chính hãng</span><br style=\"color: rgb(137, 137, 137); font-family: &quot;Roboto Condensed&quot;, sans-serif; font-size: 15px; text-align: center;\"><span style=\"color: rgb(137, 137, 137); font-family: &quot;Roboto Condensed&quot;, sans-serif; font-size: 15px; text-align: center;\">- Vận chuyển toàn quốc&nbsp;[ Kiểm Tra Hàng Trước Khi Thanh Toán ]&nbsp;</span><br style=\"color: rgb(137, 137, 137); font-family: &quot;Roboto Condensed&quot;, sans-serif; font-size: 15px; text-align: center;\"><span style=\"color: rgb(137, 137, 137); font-family: &quot;Roboto Condensed&quot;, sans-serif; font-size: 15px; text-align: center;\">- 100% Ảnh chụp trực tiếp tại Drake Store</span><br style=\"color: rgb(137, 137, 137); font-family: &quot;Roboto Condensed&quot;, sans-serif; font-size: 15px; text-align: center;\"><span style=\"color: rgb(137, 137, 137); font-family: &quot;Roboto Condensed&quot;, sans-serif; font-size: 15px; text-align: center;\">- Bảo Hành Trọn Đời Sản Phẩm&nbsp;</span><br style=\"color: rgb(137, 137, 137); font-family: &quot;Roboto Condensed&quot;, sans-serif; font-size: 15px; text-align: center;\"><span style=\"color: rgb(137, 137, 137); font-family: &quot;Roboto Condensed&quot;, sans-serif; font-size: 15px; text-align: center;\">- Đổi Trả 7 Ngày Không Kể Lí Do&nbsp;</span><br style=\"color: rgb(137, 137, 137); font-family: &quot;Roboto Condensed&quot;, sans-serif; font-size: 15px; text-align: center;\"><span style=\"color: rgb(137, 137, 137); font-family: &quot;Roboto Condensed&quot;, sans-serif; font-size: 15px; text-align: center;\">- Liên Hệ : 0981.982.267</span><br></p>','/products/avatars/blazer-mid-77-vintage-shoe-dNWPTj (1).png',24,'2021-09-13 21:57:32','2021-09-13 21:57:32',1,1,1,'nike-blazer-mid-77-vintage-1631545051513',1,NULL),(20,'Nike SB Zoom Blazer Mid Premium',3089000.00,3089000.00,'<p><span style=\"color: rgb(137, 137, 137); font-family: &quot;Roboto Condensed&quot;, sans-serif; font-size: 15px; text-align: center;\">- Cam kết chính hãng</span><br style=\"color: rgb(137, 137, 137); font-family: &quot;Roboto Condensed&quot;, sans-serif; font-size: 15px; text-align: center;\"><span style=\"color: rgb(137, 137, 137); font-family: &quot;Roboto Condensed&quot;, sans-serif; font-size: 15px; text-align: center;\">- Vận chuyển toàn quốc&nbsp;[ Kiểm Tra Hàng Trước Khi Thanh Toán ]&nbsp;</span><br style=\"color: rgb(137, 137, 137); font-family: &quot;Roboto Condensed&quot;, sans-serif; font-size: 15px; text-align: center;\"><span style=\"color: rgb(137, 137, 137); font-family: &quot;Roboto Condensed&quot;, sans-serif; font-size: 15px; text-align: center;\">- 100% Ảnh chụp trực tiếp tại Drake Store</span><br style=\"color: rgb(137, 137, 137); font-family: &quot;Roboto Condensed&quot;, sans-serif; font-size: 15px; text-align: center;\"><span style=\"color: rgb(137, 137, 137); font-family: &quot;Roboto Condensed&quot;, sans-serif; font-size: 15px; text-align: center;\">- Bảo Hành Trọn Đời Sản Phẩm&nbsp;</span><br style=\"color: rgb(137, 137, 137); font-family: &quot;Roboto Condensed&quot;, sans-serif; font-size: 15px; text-align: center;\"><span style=\"color: rgb(137, 137, 137); font-family: &quot;Roboto Condensed&quot;, sans-serif; font-size: 15px; text-align: center;\">- Đổi Trả 7 Ngày Không Kể Lí Do&nbsp;</span><br style=\"color: rgb(137, 137, 137); font-family: &quot;Roboto Condensed&quot;, sans-serif; font-size: 15px; text-align: center;\"><span style=\"color: rgb(137, 137, 137); font-family: &quot;Roboto Condensed&quot;, sans-serif; font-size: 15px; text-align: center;\">- Liên Hệ : 0981.982.267</span><br></p>','/products/avatars/sb-zoom-blazer-mid-skate-shoe-bdtQ2K (1).png',24,'2021-09-13 21:58:57','2021-09-13 21:58:57',1,1,1,'nike-sb-zoom-blazer-mid-premium-1631545136749',0,NULL),(21,'Nike Air Max 90',3519000.00,3519000.00,'<p><span style=\"color: rgb(137, 137, 137); font-family: &quot;Roboto Condensed&quot;, sans-serif; font-size: 15px; text-align: center;\">- Cam kết chính hãng</span><br style=\"color: rgb(137, 137, 137); font-family: &quot;Roboto Condensed&quot;, sans-serif; font-size: 15px; text-align: center;\"><span style=\"color: rgb(137, 137, 137); font-family: &quot;Roboto Condensed&quot;, sans-serif; font-size: 15px; text-align: center;\">- Vận chuyển toàn quốc&nbsp;[ Kiểm Tra Hàng Trước Khi Thanh Toán ]&nbsp;</span><br style=\"color: rgb(137, 137, 137); font-family: &quot;Roboto Condensed&quot;, sans-serif; font-size: 15px; text-align: center;\"><span style=\"color: rgb(137, 137, 137); font-family: &quot;Roboto Condensed&quot;, sans-serif; font-size: 15px; text-align: center;\">- 100% Ảnh chụp trực tiếp tại Drake Store</span><br style=\"color: rgb(137, 137, 137); font-family: &quot;Roboto Condensed&quot;, sans-serif; font-size: 15px; text-align: center;\"><span style=\"color: rgb(137, 137, 137); font-family: &quot;Roboto Condensed&quot;, sans-serif; font-size: 15px; text-align: center;\">- Bảo Hành Trọn Đời Sản Phẩm&nbsp;</span><br style=\"color: rgb(137, 137, 137); font-family: &quot;Roboto Condensed&quot;, sans-serif; font-size: 15px; text-align: center;\"><span style=\"color: rgb(137, 137, 137); font-family: &quot;Roboto Condensed&quot;, sans-serif; font-size: 15px; text-align: center;\">- Đổi Trả 7 Ngày Không Kể Lí Do&nbsp;</span><br style=\"color: rgb(137, 137, 137); font-family: &quot;Roboto Condensed&quot;, sans-serif; font-size: 15px; text-align: center;\"><span style=\"color: rgb(137, 137, 137); font-family: &quot;Roboto Condensed&quot;, sans-serif; font-size: 15px; text-align: center;\">- Liên Hệ : 0981.982.267</span><br></p>','/products/avatars/air-max-90-shoes-hGrzDR (1).png',23,'2021-09-13 22:01:31','2021-09-13 22:46:48',1,1,1,'nike-air-max-90-1631548008072',1,NULL),(26,'Nike Air Max 97 SB',5279000.00,5279000.00,'<p><span style=\"color: rgb(137, 137, 137); font-family: &quot;Roboto Condensed&quot;, sans-serif; font-size: 15px; text-align: center;\">- Cam kết chính hãng</span><br style=\"color: rgb(137, 137, 137); font-family: &quot;Roboto Condensed&quot;, sans-serif; font-size: 15px; text-align: center;\"><span style=\"color: rgb(137, 137, 137); font-family: &quot;Roboto Condensed&quot;, sans-serif; font-size: 15px; text-align: center;\">- Vận chuyển toàn quốc&nbsp;[ Kiểm Tra Hàng Trước Khi Thanh Toán ]&nbsp;</span><br style=\"color: rgb(137, 137, 137); font-family: &quot;Roboto Condensed&quot;, sans-serif; font-size: 15px; text-align: center;\"><span style=\"color: rgb(137, 137, 137); font-family: &quot;Roboto Condensed&quot;, sans-serif; font-size: 15px; text-align: center;\">- 100% Ảnh chụp trực tiếp tại Drake Store</span><br style=\"color: rgb(137, 137, 137); font-family: &quot;Roboto Condensed&quot;, sans-serif; font-size: 15px; text-align: center;\"><span style=\"color: rgb(137, 137, 137); font-family: &quot;Roboto Condensed&quot;, sans-serif; font-size: 15px; text-align: center;\">- Bảo Hành Trọn Đời Sản Phẩm&nbsp;</span><br style=\"color: rgb(137, 137, 137); font-family: &quot;Roboto Condensed&quot;, sans-serif; font-size: 15px; text-align: center;\"><span style=\"color: rgb(137, 137, 137); font-family: &quot;Roboto Condensed&quot;, sans-serif; font-size: 15px; text-align: center;\">- Đổi Trả 7 Ngày Không Kể Lí Do&nbsp;</span><br style=\"color: rgb(137, 137, 137); font-family: &quot;Roboto Condensed&quot;, sans-serif; font-size: 15px; text-align: center;\"><span style=\"color: rgb(137, 137, 137); font-family: &quot;Roboto Condensed&quot;, sans-serif; font-size: 15px; text-align: center;\">- Liên Hệ : 0981.982.267</span><br></p>','/products/avatars/air-max-97-se-shoes-NMMVFJ(1).png',23,'2021-09-13 22:47:48','2021-09-13 22:48:53',1,1,1,'nike-air-max-97-sb-1631548133006',1,NULL),(27,'Nike Air Jordan 1 Mid',3239000.00,3239000.00,'<p><span style=\"color: rgb(137, 137, 137); font-family: &quot;Roboto Condensed&quot;, sans-serif; font-size: 15px; text-align: center;\">- Cam kết chính hãng</span><br style=\"color: rgb(137, 137, 137); font-family: &quot;Roboto Condensed&quot;, sans-serif; font-size: 15px; text-align: center;\"><span style=\"color: rgb(137, 137, 137); font-family: &quot;Roboto Condensed&quot;, sans-serif; font-size: 15px; text-align: center;\">- Vận chuyển toàn quốc&nbsp;[ Kiểm Tra Hàng Trước Khi Thanh Toán ]&nbsp;</span><br style=\"color: rgb(137, 137, 137); font-family: &quot;Roboto Condensed&quot;, sans-serif; font-size: 15px; text-align: center;\"><span style=\"color: rgb(137, 137, 137); font-family: &quot;Roboto Condensed&quot;, sans-serif; font-size: 15px; text-align: center;\">- 100% Ảnh chụp trực tiếp tại Drake Store</span><br style=\"color: rgb(137, 137, 137); font-family: &quot;Roboto Condensed&quot;, sans-serif; font-size: 15px; text-align: center;\"><span style=\"color: rgb(137, 137, 137); font-family: &quot;Roboto Condensed&quot;, sans-serif; font-size: 15px; text-align: center;\">- Bảo Hành Trọn Đời Sản Phẩm&nbsp;</span><br style=\"color: rgb(137, 137, 137); font-family: &quot;Roboto Condensed&quot;, sans-serif; font-size: 15px; text-align: center;\"><span style=\"color: rgb(137, 137, 137); font-family: &quot;Roboto Condensed&quot;, sans-serif; font-size: 15px; text-align: center;\">- Đổi Trả 7 Ngày Không Kể Lí Do&nbsp;</span><br style=\"color: rgb(137, 137, 137); font-family: &quot;Roboto Condensed&quot;, sans-serif; font-size: 15px; text-align: center;\"><span style=\"color: rgb(137, 137, 137); font-family: &quot;Roboto Condensed&quot;, sans-serif; font-size: 15px; text-align: center;\">- Liên Hệ : 0981.982.267</span><br></p>','/products/avatars/air-jordan-1-mid-shoe-86f1ZW (1).png',26,'2021-09-13 22:52:15','2021-09-13 22:52:15',1,1,1,'nike-air-jordan-1-mid-1631548334899',0,NULL),(28,'Nike Air Jordan XXXVI SE Luka \'Globle Game\'',5439000.00,5439000.00,'<p><span style=\"color: rgb(137, 137, 137); font-family: &quot;Roboto Condensed&quot;, sans-serif; font-size: 15px; text-align: center;\">- Cam kết chính hãng</span><br style=\"color: rgb(137, 137, 137); font-family: &quot;Roboto Condensed&quot;, sans-serif; font-size: 15px; text-align: center;\"><span style=\"color: rgb(137, 137, 137); font-family: &quot;Roboto Condensed&quot;, sans-serif; font-size: 15px; text-align: center;\">- Vận chuyển toàn quốc&nbsp;[ Kiểm Tra Hàng Trước Khi Thanh Toán ]&nbsp;</span><br style=\"color: rgb(137, 137, 137); font-family: &quot;Roboto Condensed&quot;, sans-serif; font-size: 15px; text-align: center;\"><span style=\"color: rgb(137, 137, 137); font-family: &quot;Roboto Condensed&quot;, sans-serif; font-size: 15px; text-align: center;\">- 100% Ảnh chụp trực tiếp tại Drake Store</span><br style=\"color: rgb(137, 137, 137); font-family: &quot;Roboto Condensed&quot;, sans-serif; font-size: 15px; text-align: center;\"><span style=\"color: rgb(137, 137, 137); font-family: &quot;Roboto Condensed&quot;, sans-serif; font-size: 15px; text-align: center;\">- Bảo Hành Trọn Đời Sản Phẩm&nbsp;</span><br style=\"color: rgb(137, 137, 137); font-family: &quot;Roboto Condensed&quot;, sans-serif; font-size: 15px; text-align: center;\"><span style=\"color: rgb(137, 137, 137); font-family: &quot;Roboto Condensed&quot;, sans-serif; font-size: 15px; text-align: center;\">- Đổi Trả 7 Ngày Không Kể Lí Do&nbsp;</span><br style=\"color: rgb(137, 137, 137); font-family: &quot;Roboto Condensed&quot;, sans-serif; font-size: 15px; text-align: center;\"><span style=\"color: rgb(137, 137, 137); font-family: &quot;Roboto Condensed&quot;, sans-serif; font-size: 15px; text-align: center;\">- Liên Hệ : 0981.982.267</span><br></p>','/products/avatars/air-jordan-xxxvi-se-luka-global-game-basketball-shoes-slhKLz (1).png',26,'2021-09-13 22:54:46','2021-09-15 10:30:46',1,1,1,'nike-air-jordan-xxxvi-se-luka-globle-game-1631676645771',0,NULL),(29,'Nike Jordan 1 Low Alt',1529000.00,1529000.00,'<p><span style=\"color: rgb(137, 137, 137); font-family: &quot;Roboto Condensed&quot;, sans-serif; font-size: 15px; text-align: center;\">- Cam kết chính hãng</span><br style=\"color: rgb(137, 137, 137); font-family: &quot;Roboto Condensed&quot;, sans-serif; font-size: 15px; text-align: center;\"><span style=\"color: rgb(137, 137, 137); font-family: &quot;Roboto Condensed&quot;, sans-serif; font-size: 15px; text-align: center;\">- Vận chuyển toàn quốc&nbsp;[ Kiểm Tra Hàng Trước Khi Thanh Toán ]&nbsp;</span><br style=\"color: rgb(137, 137, 137); font-family: &quot;Roboto Condensed&quot;, sans-serif; font-size: 15px; text-align: center;\"><span style=\"color: rgb(137, 137, 137); font-family: &quot;Roboto Condensed&quot;, sans-serif; font-size: 15px; text-align: center;\">- 100% Ảnh chụp trực tiếp tại Drake Store</span><br style=\"color: rgb(137, 137, 137); font-family: &quot;Roboto Condensed&quot;, sans-serif; font-size: 15px; text-align: center;\"><span style=\"color: rgb(137, 137, 137); font-family: &quot;Roboto Condensed&quot;, sans-serif; font-size: 15px; text-align: center;\">- Bảo Hành Trọn Đời Sản Phẩm&nbsp;</span><br style=\"color: rgb(137, 137, 137); font-family: &quot;Roboto Condensed&quot;, sans-serif; font-size: 15px; text-align: center;\"><span style=\"color: rgb(137, 137, 137); font-family: &quot;Roboto Condensed&quot;, sans-serif; font-size: 15px; text-align: center;\">- Đổi Trả 7 Ngày Không Kể Lí Do&nbsp;</span><br style=\"color: rgb(137, 137, 137); font-family: &quot;Roboto Condensed&quot;, sans-serif; font-size: 15px; text-align: center;\"><span style=\"color: rgb(137, 137, 137); font-family: &quot;Roboto Condensed&quot;, sans-serif; font-size: 15px; text-align: center;\">- Liên Hệ : 0981.982.267</span><br></p>','/products/avatars/jordan-1-low-alt-younger-shoe-NpXDNW (1).png',26,'2021-09-13 22:56:13','2021-09-13 22:56:13',1,1,1,'nike-jordan-1-low-alt-1631548573098',0,NULL),(30,'Nike Jordan 4 G',6459000.00,6459000.00,'<p><span style=\"color: rgb(137, 137, 137); font-family: &quot;Roboto Condensed&quot;, sans-serif; font-size: 15px; text-align: center;\">- Cam kết chính hãng</span><br style=\"color: rgb(137, 137, 137); font-family: &quot;Roboto Condensed&quot;, sans-serif; font-size: 15px; text-align: center;\"><span style=\"color: rgb(137, 137, 137); font-family: &quot;Roboto Condensed&quot;, sans-serif; font-size: 15px; text-align: center;\">- Vận chuyển toàn quốc&nbsp;[ Kiểm Tra Hàng Trước Khi Thanh Toán ]&nbsp;</span><br style=\"color: rgb(137, 137, 137); font-family: &quot;Roboto Condensed&quot;, sans-serif; font-size: 15px; text-align: center;\"><span style=\"color: rgb(137, 137, 137); font-family: &quot;Roboto Condensed&quot;, sans-serif; font-size: 15px; text-align: center;\">- 100% Ảnh chụp trực tiếp tại Drake Store</span><br style=\"color: rgb(137, 137, 137); font-family: &quot;Roboto Condensed&quot;, sans-serif; font-size: 15px; text-align: center;\"><span style=\"color: rgb(137, 137, 137); font-family: &quot;Roboto Condensed&quot;, sans-serif; font-size: 15px; text-align: center;\">- Bảo Hành Trọn Đời Sản Phẩm&nbsp;</span><br style=\"color: rgb(137, 137, 137); font-family: &quot;Roboto Condensed&quot;, sans-serif; font-size: 15px; text-align: center;\"><span style=\"color: rgb(137, 137, 137); font-family: &quot;Roboto Condensed&quot;, sans-serif; font-size: 15px; text-align: center;\">- Đổi Trả 7 Ngày Không Kể Lí Do&nbsp;</span><br style=\"color: rgb(137, 137, 137); font-family: &quot;Roboto Condensed&quot;, sans-serif; font-size: 15px; text-align: center;\"><span style=\"color: rgb(137, 137, 137); font-family: &quot;Roboto Condensed&quot;, sans-serif; font-size: 15px; text-align: center;\">- Liên Hệ : 0981.982.267</span><br></p>','/products/avatars/jordan-4-g-golf-shoes-lW4531 (1).png',26,'2021-09-13 22:57:33','2021-09-13 22:57:33',1,1,1,'nike-jordan-4-g-1631548653079',0,NULL),(31,'Nike Cortez Basic',1288000.00,1288000.00,'<p><span style=\"color: rgb(137, 137, 137); font-family: &quot;Roboto Condensed&quot;, sans-serif; font-size: 15px; text-align: center;\">- Cam kết chính hãng</span><br style=\"color: rgb(137, 137, 137); font-family: &quot;Roboto Condensed&quot;, sans-serif; font-size: 15px; text-align: center;\"><span style=\"color: rgb(137, 137, 137); font-family: &quot;Roboto Condensed&quot;, sans-serif; font-size: 15px; text-align: center;\">- Vận chuyển toàn quốc&nbsp;[ Kiểm Tra Hàng Trước Khi Thanh Toán ]&nbsp;</span><br style=\"color: rgb(137, 137, 137); font-family: &quot;Roboto Condensed&quot;, sans-serif; font-size: 15px; text-align: center;\"><span style=\"color: rgb(137, 137, 137); font-family: &quot;Roboto Condensed&quot;, sans-serif; font-size: 15px; text-align: center;\">- 100% Ảnh chụp trực tiếp tại Drake Store</span><br style=\"color: rgb(137, 137, 137); font-family: &quot;Roboto Condensed&quot;, sans-serif; font-size: 15px; text-align: center;\"><span style=\"color: rgb(137, 137, 137); font-family: &quot;Roboto Condensed&quot;, sans-serif; font-size: 15px; text-align: center;\">- Bảo Hành Trọn Đời Sản Phẩm&nbsp;</span><br style=\"color: rgb(137, 137, 137); font-family: &quot;Roboto Condensed&quot;, sans-serif; font-size: 15px; text-align: center;\"><span style=\"color: rgb(137, 137, 137); font-family: &quot;Roboto Condensed&quot;, sans-serif; font-size: 15px; text-align: center;\">- Đổi Trả 7 Ngày Không Kể Lí Do&nbsp;</span><br style=\"color: rgb(137, 137, 137); font-family: &quot;Roboto Condensed&quot;, sans-serif; font-size: 15px; text-align: center;\"><span style=\"color: rgb(137, 137, 137); font-family: &quot;Roboto Condensed&quot;, sans-serif; font-size: 15px; text-align: center;\">- Liên Hệ : 0981.982.267</span><br></p>','/products/avatars/cortez-basic-older-shoe-8kwrrB (1).png',25,'2021-09-13 23:01:07','2021-09-13 23:01:07',1,1,1,'nike-cortez-basic-1631548866823',0,NULL),(32,'Nike Cortez Basic SL',998000.00,998000.00,'<p><span style=\"color: rgb(137, 137, 137); font-family: &quot;Roboto Condensed&quot;, sans-serif; font-size: 15px; text-align: center;\">- Cam kết chính hãng</span><br style=\"color: rgb(137, 137, 137); font-family: &quot;Roboto Condensed&quot;, sans-serif; font-size: 15px; text-align: center;\"><span style=\"color: rgb(137, 137, 137); font-family: &quot;Roboto Condensed&quot;, sans-serif; font-size: 15px; text-align: center;\">- Vận chuyển toàn quốc&nbsp;[ Kiểm Tra Hàng Trước Khi Thanh Toán ]&nbsp;</span><br style=\"color: rgb(137, 137, 137); font-family: &quot;Roboto Condensed&quot;, sans-serif; font-size: 15px; text-align: center;\"><span style=\"color: rgb(137, 137, 137); font-family: &quot;Roboto Condensed&quot;, sans-serif; font-size: 15px; text-align: center;\">- 100% Ảnh chụp trực tiếp tại Drake Store</span><br style=\"color: rgb(137, 137, 137); font-family: &quot;Roboto Condensed&quot;, sans-serif; font-size: 15px; text-align: center;\"><span style=\"color: rgb(137, 137, 137); font-family: &quot;Roboto Condensed&quot;, sans-serif; font-size: 15px; text-align: center;\">- Bảo Hành Trọn Đời Sản Phẩm&nbsp;</span><br style=\"color: rgb(137, 137, 137); font-family: &quot;Roboto Condensed&quot;, sans-serif; font-size: 15px; text-align: center;\"><span style=\"color: rgb(137, 137, 137); font-family: &quot;Roboto Condensed&quot;, sans-serif; font-size: 15px; text-align: center;\">- Đổi Trả 7 Ngày Không Kể Lí Do&nbsp;</span><br style=\"color: rgb(137, 137, 137); font-family: &quot;Roboto Condensed&quot;, sans-serif; font-size: 15px; text-align: center;\"><span style=\"color: rgb(137, 137, 137); font-family: &quot;Roboto Condensed&quot;, sans-serif; font-size: 15px; text-align: center;\">- Liên Hệ : 0981.982.267</span><br></p>','/products/avatars/cortez-basic-sl-younger-shoe-5hqMdP (1).png',25,'2021-09-13 23:02:13','2021-09-13 23:02:13',1,1,1,'nike-cortez-basic-sl-1631548932905',0,NULL),(33,'Nike Air Force 1 \'07',2649000.00,2649000.00,'<p><span style=\"color: rgb(137, 137, 137); font-family: &quot;Roboto Condensed&quot;, sans-serif; font-size: 15px; text-align: center;\">- Cam kết chính hãng</span><br style=\"color: rgb(137, 137, 137); font-family: &quot;Roboto Condensed&quot;, sans-serif; font-size: 15px; text-align: center;\"><span style=\"color: rgb(137, 137, 137); font-family: &quot;Roboto Condensed&quot;, sans-serif; font-size: 15px; text-align: center;\">- Vận chuyển toàn quốc&nbsp;[ Kiểm Tra Hàng Trước Khi Thanh Toán ]&nbsp;</span><br style=\"color: rgb(137, 137, 137); font-family: &quot;Roboto Condensed&quot;, sans-serif; font-size: 15px; text-align: center;\"><span style=\"color: rgb(137, 137, 137); font-family: &quot;Roboto Condensed&quot;, sans-serif; font-size: 15px; text-align: center;\">- 100% Ảnh chụp trực tiếp tại Drake Store</span><br style=\"color: rgb(137, 137, 137); font-family: &quot;Roboto Condensed&quot;, sans-serif; font-size: 15px; text-align: center;\"><span style=\"color: rgb(137, 137, 137); font-family: &quot;Roboto Condensed&quot;, sans-serif; font-size: 15px; text-align: center;\">- Bảo Hành Trọn Đời Sản Phẩm&nbsp;</span><br style=\"color: rgb(137, 137, 137); font-family: &quot;Roboto Condensed&quot;, sans-serif; font-size: 15px; text-align: center;\"><span style=\"color: rgb(137, 137, 137); font-family: &quot;Roboto Condensed&quot;, sans-serif; font-size: 15px; text-align: center;\">- Đổi Trả 7 Ngày Không Kể Lí Do&nbsp;</span><br style=\"color: rgb(137, 137, 137); font-family: &quot;Roboto Condensed&quot;, sans-serif; font-size: 15px; text-align: center;\"><span style=\"color: rgb(137, 137, 137); font-family: &quot;Roboto Condensed&quot;, sans-serif; font-size: 15px; text-align: center;\">- Liên Hệ : 0981.982.267</span><br></p>','/products/avatars/air-force-1-07-shoe-WrLlWX (1).png',22,'2021-09-13 23:03:59','2021-09-13 23:03:59',1,1,1,'nike-air-force-1-07-1631549038554',1,NULL),(34,'Nike Air Force 1 Fontanca',3239000.00,3239000.00,'<p><span style=\"color: rgb(137, 137, 137); font-family: &quot;Roboto Condensed&quot;, sans-serif; font-size: 15px; text-align: center;\">- Cam kết chính hãng</span><br style=\"color: rgb(137, 137, 137); font-family: &quot;Roboto Condensed&quot;, sans-serif; font-size: 15px; text-align: center;\"><span style=\"color: rgb(137, 137, 137); font-family: &quot;Roboto Condensed&quot;, sans-serif; font-size: 15px; text-align: center;\">- Vận chuyển toàn quốc&nbsp;[ Kiểm Tra Hàng Trước Khi Thanh Toán ]&nbsp;</span><br style=\"color: rgb(137, 137, 137); font-family: &quot;Roboto Condensed&quot;, sans-serif; font-size: 15px; text-align: center;\"><span style=\"color: rgb(137, 137, 137); font-family: &quot;Roboto Condensed&quot;, sans-serif; font-size: 15px; text-align: center;\">- 100% Ảnh chụp trực tiếp tại Drake Store</span><br style=\"color: rgb(137, 137, 137); font-family: &quot;Roboto Condensed&quot;, sans-serif; font-size: 15px; text-align: center;\"><span style=\"color: rgb(137, 137, 137); font-family: &quot;Roboto Condensed&quot;, sans-serif; font-size: 15px; text-align: center;\">- Bảo Hành Trọn Đời Sản Phẩm&nbsp;</span><br style=\"color: rgb(137, 137, 137); font-family: &quot;Roboto Condensed&quot;, sans-serif; font-size: 15px; text-align: center;\"><span style=\"color: rgb(137, 137, 137); font-family: &quot;Roboto Condensed&quot;, sans-serif; font-size: 15px; text-align: center;\">- Đổi Trả 7 Ngày Không Kể Lí Do&nbsp;</span><br style=\"color: rgb(137, 137, 137); font-family: &quot;Roboto Condensed&quot;, sans-serif; font-size: 15px; text-align: center;\"><span style=\"color: rgb(137, 137, 137); font-family: &quot;Roboto Condensed&quot;, sans-serif; font-size: 15px; text-align: center;\">- Liên Hệ : 0981.982.267</span><br></p>','/products/avatars/air-force-1-fontanka-shoes-LtBCnn (2).png',22,'2021-09-13 23:05:11','2021-09-14 20:38:06',1,1,1,'nike-air-force-1-fontanca-1631626686246',0,NULL),(35,'Nike Air Force 1 Crater',3239000.00,3239000.00,'<p><span style=\"color: rgb(137, 137, 137); font-family: &quot;Roboto Condensed&quot;, sans-serif; font-size: 15px; text-align: center;\">- Cam kết chính hãng</span><br style=\"color: rgb(137, 137, 137); font-family: &quot;Roboto Condensed&quot;, sans-serif; font-size: 15px; text-align: center;\"><span style=\"color: rgb(137, 137, 137); font-family: &quot;Roboto Condensed&quot;, sans-serif; font-size: 15px; text-align: center;\">- Vận chuyển toàn quốc&nbsp;[ Kiểm Tra Hàng Trước Khi Thanh Toán ]&nbsp;</span><br style=\"color: rgb(137, 137, 137); font-family: &quot;Roboto Condensed&quot;, sans-serif; font-size: 15px; text-align: center;\"><span style=\"color: rgb(137, 137, 137); font-family: &quot;Roboto Condensed&quot;, sans-serif; font-size: 15px; text-align: center;\">- 100% Ảnh chụp trực tiếp tại Drake Store</span><br style=\"color: rgb(137, 137, 137); font-family: &quot;Roboto Condensed&quot;, sans-serif; font-size: 15px; text-align: center;\"><span style=\"color: rgb(137, 137, 137); font-family: &quot;Roboto Condensed&quot;, sans-serif; font-size: 15px; text-align: center;\">- Bảo Hành Trọn Đời Sản Phẩm&nbsp;</span><br style=\"color: rgb(137, 137, 137); font-family: &quot;Roboto Condensed&quot;, sans-serif; font-size: 15px; text-align: center;\"><span style=\"color: rgb(137, 137, 137); font-family: &quot;Roboto Condensed&quot;, sans-serif; font-size: 15px; text-align: center;\">- Đổi Trả 7 Ngày Không Kể Lí Do&nbsp;</span><br style=\"color: rgb(137, 137, 137); font-family: &quot;Roboto Condensed&quot;, sans-serif; font-size: 15px; text-align: center;\"><span style=\"color: rgb(137, 137, 137); font-family: &quot;Roboto Condensed&quot;, sans-serif; font-size: 15px; text-align: center;\">- Liên Hệ : 0981.982.267</span><br></p>','/products/avatars/air-force-1-crater-shoes-qT3k4j (1).png',22,'2021-09-13 23:06:46','2021-09-13 23:06:46',1,1,1,'nike-air-force-1-crater-1631549206352',0,NULL),(36,'Nike Air Foirce 1 \'07',2649000.00,2649000.00,'<p><span style=\"color: rgb(137, 137, 137); font-family: &quot;Roboto Condensed&quot;, sans-serif; font-size: 15px; text-align: center;\">- Cam kết chính hãng</span><br style=\"color: rgb(137, 137, 137); font-family: &quot;Roboto Condensed&quot;, sans-serif; font-size: 15px; text-align: center;\"><span style=\"color: rgb(137, 137, 137); font-family: &quot;Roboto Condensed&quot;, sans-serif; font-size: 15px; text-align: center;\">- Vận chuyển toàn quốc&nbsp;[ Kiểm Tra Hàng Trước Khi Thanh Toán ]&nbsp;</span><br style=\"color: rgb(137, 137, 137); font-family: &quot;Roboto Condensed&quot;, sans-serif; font-size: 15px; text-align: center;\"><span style=\"color: rgb(137, 137, 137); font-family: &quot;Roboto Condensed&quot;, sans-serif; font-size: 15px; text-align: center;\">- 100% Ảnh chụp trực tiếp tại Drake Store</span><br style=\"color: rgb(137, 137, 137); font-family: &quot;Roboto Condensed&quot;, sans-serif; font-size: 15px; text-align: center;\"><span style=\"color: rgb(137, 137, 137); font-family: &quot;Roboto Condensed&quot;, sans-serif; font-size: 15px; text-align: center;\">- Bảo Hành Trọn Đời Sản Phẩm&nbsp;</span><br style=\"color: rgb(137, 137, 137); font-family: &quot;Roboto Condensed&quot;, sans-serif; font-size: 15px; text-align: center;\"><span style=\"color: rgb(137, 137, 137); font-family: &quot;Roboto Condensed&quot;, sans-serif; font-size: 15px; text-align: center;\">- Đổi Trả 7 Ngày Không Kể Lí Do&nbsp;</span><br style=\"color: rgb(137, 137, 137); font-family: &quot;Roboto Condensed&quot;, sans-serif; font-size: 15px; text-align: center;\"><span style=\"color: rgb(137, 137, 137); font-family: &quot;Roboto Condensed&quot;, sans-serif; font-size: 15px; text-align: center;\">- Liên Hệ : 0981.982.267</span><br></p>','/products/avatars/air-force-1-07-shoes-Wv2j0C (1).png',22,'2021-09-13 23:08:24','2021-09-13 23:08:24',1,1,1,'nike-air-foirce-1-07-1631549303908',0,NULL),(37,'Nike Air Force 1 Craft',3519000.00,3519000.00,'<p><span style=\"color: rgb(137, 137, 137); font-family: &quot;Roboto Condensed&quot;, sans-serif; font-size: 15px; text-align: center;\">- Cam kết chính hãng</span><br style=\"color: rgb(137, 137, 137); font-family: &quot;Roboto Condensed&quot;, sans-serif; font-size: 15px; text-align: center;\"><span style=\"color: rgb(137, 137, 137); font-family: &quot;Roboto Condensed&quot;, sans-serif; font-size: 15px; text-align: center;\">- Vận chuyển toàn quốc&nbsp;[ Kiểm Tra Hàng Trước Khi Thanh Toán ]&nbsp;</span><br style=\"color: rgb(137, 137, 137); font-family: &quot;Roboto Condensed&quot;, sans-serif; font-size: 15px; text-align: center;\"><span style=\"color: rgb(137, 137, 137); font-family: &quot;Roboto Condensed&quot;, sans-serif; font-size: 15px; text-align: center;\">- 100% Ảnh chụp trực tiếp tại Drake Store</span><br style=\"color: rgb(137, 137, 137); font-family: &quot;Roboto Condensed&quot;, sans-serif; font-size: 15px; text-align: center;\"><span style=\"color: rgb(137, 137, 137); font-family: &quot;Roboto Condensed&quot;, sans-serif; font-size: 15px; text-align: center;\">- Bảo Hành Trọn Đời Sản Phẩm&nbsp;</span><br style=\"color: rgb(137, 137, 137); font-family: &quot;Roboto Condensed&quot;, sans-serif; font-size: 15px; text-align: center;\"><span style=\"color: rgb(137, 137, 137); font-family: &quot;Roboto Condensed&quot;, sans-serif; font-size: 15px; text-align: center;\">- Đổi Trả 7 Ngày Không Kể Lí Do&nbsp;</span><br style=\"color: rgb(137, 137, 137); font-family: &quot;Roboto Condensed&quot;, sans-serif; font-size: 15px; text-align: center;\"><span style=\"color: rgb(137, 137, 137); font-family: &quot;Roboto Condensed&quot;, sans-serif; font-size: 15px; text-align: center;\">- Liên Hệ : 0981.982.267</span><br></p>','/products/avatars/air-force-1-07-craft-shoe-FXtDz5 (1).png',22,'2021-09-13 23:09:54','2021-09-13 23:09:54',1,1,1,'nike-air-force-1-craft-1631549394143',0,NULL),(38,'Vans Old Skool',1200000.00,1200000.00,'<p><span style=\"color: rgb(137, 137, 137); font-family: &quot;Roboto Condensed&quot;, sans-serif; font-size: 15px; text-align: center;\">- Cam kết chính hãng</span><br style=\"color: rgb(137, 137, 137); font-family: &quot;Roboto Condensed&quot;, sans-serif; font-size: 15px; text-align: center;\"><span style=\"color: rgb(137, 137, 137); font-family: &quot;Roboto Condensed&quot;, sans-serif; font-size: 15px; text-align: center;\">- Vận chuyển toàn quốc&nbsp;[ Kiểm Tra Hàng Trước Khi Thanh Toán ]&nbsp;</span><br style=\"color: rgb(137, 137, 137); font-family: &quot;Roboto Condensed&quot;, sans-serif; font-size: 15px; text-align: center;\"><span style=\"color: rgb(137, 137, 137); font-family: &quot;Roboto Condensed&quot;, sans-serif; font-size: 15px; text-align: center;\">- 100% Ảnh chụp trực tiếp tại Drake Store</span><br style=\"color: rgb(137, 137, 137); font-family: &quot;Roboto Condensed&quot;, sans-serif; font-size: 15px; text-align: center;\"><span style=\"color: rgb(137, 137, 137); font-family: &quot;Roboto Condensed&quot;, sans-serif; font-size: 15px; text-align: center;\">- Bảo Hành Trọn Đời Sản Phẩm&nbsp;</span><br style=\"color: rgb(137, 137, 137); font-family: &quot;Roboto Condensed&quot;, sans-serif; font-size: 15px; text-align: center;\"><span style=\"color: rgb(137, 137, 137); font-family: &quot;Roboto Condensed&quot;, sans-serif; font-size: 15px; text-align: center;\">- Đổi Trả 7 Ngày Không Kể Lí Do&nbsp;</span><br style=\"color: rgb(137, 137, 137); font-family: &quot;Roboto Condensed&quot;, sans-serif; font-size: 15px; text-align: center;\"><span style=\"color: rgb(137, 137, 137); font-family: &quot;Roboto Condensed&quot;, sans-serif; font-size: 15px; text-align: center;\">- Liên Hệ : 0981.982.267</span><br></p>','/products/avatars/VN0A5FCBY28-650x650.jpg',27,'2021-09-13 23:22:30','2023-04-11 10:03:58',1,163,1,'vans-old-skool-1681182238237',1,NULL),(39,'Vans UA Old Skool Live At Hov',1300000.00,1300000.00,'<p><span style=\"color: rgb(137, 137, 137); font-family: &quot;Roboto Condensed&quot;, sans-serif; font-size: 15px; text-align: center;\">- Cam kết chính hãng</span><br style=\"color: rgb(137, 137, 137); font-family: &quot;Roboto Condensed&quot;, sans-serif; font-size: 15px; text-align: center;\"><span style=\"color: rgb(137, 137, 137); font-family: &quot;Roboto Condensed&quot;, sans-serif; font-size: 15px; text-align: center;\">- Vận chuyển toàn quốc&nbsp;[ Kiểm Tra Hàng Trước Khi Thanh Toán ]&nbsp;</span><br style=\"color: rgb(137, 137, 137); font-family: &quot;Roboto Condensed&quot;, sans-serif; font-size: 15px; text-align: center;\"><span style=\"color: rgb(137, 137, 137); font-family: &quot;Roboto Condensed&quot;, sans-serif; font-size: 15px; text-align: center;\">- 100% Ảnh chụp trực tiếp tại Drake Store</span><br style=\"color: rgb(137, 137, 137); font-family: &quot;Roboto Condensed&quot;, sans-serif; font-size: 15px; text-align: center;\"><span style=\"color: rgb(137, 137, 137); font-family: &quot;Roboto Condensed&quot;, sans-serif; font-size: 15px; text-align: center;\">- Bảo Hành Trọn Đời Sản Phẩm&nbsp;</span><br style=\"color: rgb(137, 137, 137); font-family: &quot;Roboto Condensed&quot;, sans-serif; font-size: 15px; text-align: center;\"><span style=\"color: rgb(137, 137, 137); font-family: &quot;Roboto Condensed&quot;, sans-serif; font-size: 15px; text-align: center;\">- Đổi Trả 7 Ngày Không Kể Lí Do&nbsp;</span><br style=\"color: rgb(137, 137, 137); font-family: &quot;Roboto Condensed&quot;, sans-serif; font-size: 15px; text-align: center;\"><span style=\"color: rgb(137, 137, 137); font-family: &quot;Roboto Condensed&quot;, sans-serif; font-size: 15px; text-align: center;\">- Liên Hệ : 0981.982.267</span><br></p>','/products/avatars/VN0A5JMI1OJ_1-650x650.jpg',27,'2021-09-13 23:24:05','2023-04-11 10:12:53',1,163,1,'vans-ua-old-skool-live-at-hov-1681182773325',1,NULL),(40,'Vans Canvas Old Skool',1200000.00,1200000.00,'<p><span style=\"color: rgb(137, 137, 137); font-family: &quot;Roboto Condensed&quot;, sans-serif; font-size: 15px; text-align: center;\">- Cam kết chính hãng</span><br style=\"color: rgb(137, 137, 137); font-family: &quot;Roboto Condensed&quot;, sans-serif; font-size: 15px; text-align: center;\"><span style=\"color: rgb(137, 137, 137); font-family: &quot;Roboto Condensed&quot;, sans-serif; font-size: 15px; text-align: center;\">- Vận chuyển toàn quốc&nbsp;[ Kiểm Tra Hàng Trước Khi Thanh Toán ]&nbsp;</span><br style=\"color: rgb(137, 137, 137); font-family: &quot;Roboto Condensed&quot;, sans-serif; font-size: 15px; text-align: center;\"><span style=\"color: rgb(137, 137, 137); font-family: &quot;Roboto Condensed&quot;, sans-serif; font-size: 15px; text-align: center;\">- 100% Ảnh chụp trực tiếp tại Drake Store</span><br style=\"color: rgb(137, 137, 137); font-family: &quot;Roboto Condensed&quot;, sans-serif; font-size: 15px; text-align: center;\"><span style=\"color: rgb(137, 137, 137); font-family: &quot;Roboto Condensed&quot;, sans-serif; font-size: 15px; text-align: center;\">- Bảo Hành Trọn Đời Sản Phẩm&nbsp;</span><br style=\"color: rgb(137, 137, 137); font-family: &quot;Roboto Condensed&quot;, sans-serif; font-size: 15px; text-align: center;\"><span style=\"color: rgb(137, 137, 137); font-family: &quot;Roboto Condensed&quot;, sans-serif; font-size: 15px; text-align: center;\">- Đổi Trả 7 Ngày Không Kể Lí Do&nbsp;</span><br style=\"color: rgb(137, 137, 137); font-family: &quot;Roboto Condensed&quot;, sans-serif; font-size: 15px; text-align: center;\"><span style=\"color: rgb(137, 137, 137); font-family: &quot;Roboto Condensed&quot;, sans-serif; font-size: 15px; text-align: center;\">- Liên Hệ : 0981.982.267</span><br></p>','/products/avatars/D3HW00-1-650x650.jpg',27,'2021-09-13 23:25:11','2023-04-11 10:11:58',1,163,1,'vans-canvas-old-skool-1681182718196',0,NULL),(41,'Vans UA Classic Slip-On Disruptive',800000.00,800000.00,'<p><span style=\"color: rgb(137, 137, 137); font-family: &quot;Roboto Condensed&quot;, sans-serif; font-size: 15px; text-align: center;\">- Cam kết chính hãng</span><br style=\"color: rgb(137, 137, 137); font-family: &quot;Roboto Condensed&quot;, sans-serif; font-size: 15px; text-align: center;\"><span style=\"color: rgb(137, 137, 137); font-family: &quot;Roboto Condensed&quot;, sans-serif; font-size: 15px; text-align: center;\">- Vận chuyển toàn quốc&nbsp;[ Kiểm Tra Hàng Trước Khi Thanh Toán ]&nbsp;</span><br style=\"color: rgb(137, 137, 137); font-family: &quot;Roboto Condensed&quot;, sans-serif; font-size: 15px; text-align: center;\"><span style=\"color: rgb(137, 137, 137); font-family: &quot;Roboto Condensed&quot;, sans-serif; font-size: 15px; text-align: center;\">- 100% Ảnh chụp trực tiếp tại Drake Store</span><br style=\"color: rgb(137, 137, 137); font-family: &quot;Roboto Condensed&quot;, sans-serif; font-size: 15px; text-align: center;\"><span style=\"color: rgb(137, 137, 137); font-family: &quot;Roboto Condensed&quot;, sans-serif; font-size: 15px; text-align: center;\">- Bảo Hành Trọn Đời Sản Phẩm&nbsp;</span><br style=\"color: rgb(137, 137, 137); font-family: &quot;Roboto Condensed&quot;, sans-serif; font-size: 15px; text-align: center;\"><span style=\"color: rgb(137, 137, 137); font-family: &quot;Roboto Condensed&quot;, sans-serif; font-size: 15px; text-align: center;\">- Đổi Trả 7 Ngày Không Kể Lí Do&nbsp;</span><br style=\"color: rgb(137, 137, 137); font-family: &quot;Roboto Condensed&quot;, sans-serif; font-size: 15px; text-align: center;\"><span style=\"color: rgb(137, 137, 137); font-family: &quot;Roboto Condensed&quot;, sans-serif; font-size: 15px; text-align: center;\">- Liên Hệ : 0981.982.267</span><br></p>','/products/avatars/VN0A33TB43D-650x650.jpg',28,'2021-09-13 23:27:01','2023-04-11 10:22:10',1,163,1,'vans-ua-classic-slip-on-disruptive-1681183329883',0,NULL),(42,'Vans UA Old Skool',800000.00,800000.00,'<p><span style=\"color: rgb(137, 137, 137); font-family: &quot;Roboto Condensed&quot;, sans-serif; font-size: 15px; text-align: center;\">- Cam kết chính hãng</span><br style=\"color: rgb(137, 137, 137); font-family: &quot;Roboto Condensed&quot;, sans-serif; font-size: 15px; text-align: center;\"><span style=\"color: rgb(137, 137, 137); font-family: &quot;Roboto Condensed&quot;, sans-serif; font-size: 15px; text-align: center;\">- Vận chuyển toàn quốc&nbsp;[ Kiểm Tra Hàng Trước Khi Thanh Toán ]&nbsp;</span><br style=\"color: rgb(137, 137, 137); font-family: &quot;Roboto Condensed&quot;, sans-serif; font-size: 15px; text-align: center;\"><span style=\"color: rgb(137, 137, 137); font-family: &quot;Roboto Condensed&quot;, sans-serif; font-size: 15px; text-align: center;\">- 100% Ảnh chụp trực tiếp tại Drake Store</span><br style=\"color: rgb(137, 137, 137); font-family: &quot;Roboto Condensed&quot;, sans-serif; font-size: 15px; text-align: center;\"><span style=\"color: rgb(137, 137, 137); font-family: &quot;Roboto Condensed&quot;, sans-serif; font-size: 15px; text-align: center;\">- Bảo Hành Trọn Đời Sản Phẩm&nbsp;</span><br style=\"color: rgb(137, 137, 137); font-family: &quot;Roboto Condensed&quot;, sans-serif; font-size: 15px; text-align: center;\"><span style=\"color: rgb(137, 137, 137); font-family: &quot;Roboto Condensed&quot;, sans-serif; font-size: 15px; text-align: center;\">- Đổi Trả 7 Ngày Không Kể Lí Do&nbsp;</span><br style=\"color: rgb(137, 137, 137); font-family: &quot;Roboto Condensed&quot;, sans-serif; font-size: 15px; text-align: center;\"><span style=\"color: rgb(137, 137, 137); font-family: &quot;Roboto Condensed&quot;, sans-serif; font-size: 15px; text-align: center;\">- Liên Hệ : 0981.982.267</span><br></p>','/products/avatars/VN000D3HBKA-650x650.jpg',27,'2021-09-13 23:28:05','2023-04-11 10:14:15',1,163,1,'vans-ua-old-skool-1681182855234',0,NULL),(43,'Vans Classic Slip On',1150000.00,1150000.00,'<p><span style=\"color: rgb(137, 137, 137); font-family: &quot;Roboto Condensed&quot;, sans-serif; font-size: 15px; text-align: center;\">- Cam kết chính hãng</span><br style=\"color: rgb(137, 137, 137); font-family: &quot;Roboto Condensed&quot;, sans-serif; font-size: 15px; text-align: center;\"><span style=\"color: rgb(137, 137, 137); font-family: &quot;Roboto Condensed&quot;, sans-serif; font-size: 15px; text-align: center;\">- Vận chuyển toàn quốc&nbsp;[ Kiểm Tra Hàng Trước Khi Thanh Toán ]&nbsp;</span><br style=\"color: rgb(137, 137, 137); font-family: &quot;Roboto Condensed&quot;, sans-serif; font-size: 15px; text-align: center;\"><span style=\"color: rgb(137, 137, 137); font-family: &quot;Roboto Condensed&quot;, sans-serif; font-size: 15px; text-align: center;\">- 100% Ảnh chụp trực tiếp tại Drake Store</span><br style=\"color: rgb(137, 137, 137); font-family: &quot;Roboto Condensed&quot;, sans-serif; font-size: 15px; text-align: center;\"><span style=\"color: rgb(137, 137, 137); font-family: &quot;Roboto Condensed&quot;, sans-serif; font-size: 15px; text-align: center;\">- Bảo Hành Trọn Đời Sản Phẩm&nbsp;</span><br style=\"color: rgb(137, 137, 137); font-family: &quot;Roboto Condensed&quot;, sans-serif; font-size: 15px; text-align: center;\"><span style=\"color: rgb(137, 137, 137); font-family: &quot;Roboto Condensed&quot;, sans-serif; font-size: 15px; text-align: center;\">- Đổi Trả 7 Ngày Không Kể Lí Do&nbsp;</span><br style=\"color: rgb(137, 137, 137); font-family: &quot;Roboto Condensed&quot;, sans-serif; font-size: 15px; text-align: center;\"><span style=\"color: rgb(137, 137, 137); font-family: &quot;Roboto Condensed&quot;, sans-serif; font-size: 15px; text-align: center;\">- Liên Hệ : 0981.982.267</span><br></p>','/products/avatars/EYEBWW-650x650.jpg',28,'2021-09-13 23:29:34','2023-04-11 10:19:18',1,163,1,'vans-classic-slip-on-1681183158498',0,NULL),(44,'Vans SK8-Hi Lady',2000000.00,1000000.00,'<p><span style=\"color: rgb(137, 137, 137); font-family: &quot;Roboto Condensed&quot;, sans-serif; font-size: 15px; text-align: center;\">- Cam kết chính hãng</span><br style=\"color: rgb(137, 137, 137); font-family: &quot;Roboto Condensed&quot;, sans-serif; font-size: 15px; text-align: center;\"><span style=\"color: rgb(137, 137, 137); font-family: &quot;Roboto Condensed&quot;, sans-serif; font-size: 15px; text-align: center;\">- Vận chuyển toàn quốc&nbsp;[ Kiểm Tra Hàng Trước Khi Thanh Toán ]&nbsp;</span><br style=\"color: rgb(137, 137, 137); font-family: &quot;Roboto Condensed&quot;, sans-serif; font-size: 15px; text-align: center;\"><span style=\"color: rgb(137, 137, 137); font-family: &quot;Roboto Condensed&quot;, sans-serif; font-size: 15px; text-align: center;\">- 100% Ảnh chụp trực tiếp tại Drake Store</span><br style=\"color: rgb(137, 137, 137); font-family: &quot;Roboto Condensed&quot;, sans-serif; font-size: 15px; text-align: center;\"><span style=\"color: rgb(137, 137, 137); font-family: &quot;Roboto Condensed&quot;, sans-serif; font-size: 15px; text-align: center;\">- Bảo Hành Trọn Đời Sản Phẩm&nbsp;</span><br style=\"color: rgb(137, 137, 137); font-family: &quot;Roboto Condensed&quot;, sans-serif; font-size: 15px; text-align: center;\"><span style=\"color: rgb(137, 137, 137); font-family: &quot;Roboto Condensed&quot;, sans-serif; font-size: 15px; text-align: center;\">- Đổi Trả 7 Ngày Không Kể Lí Do&nbsp;</span><br style=\"color: rgb(137, 137, 137); font-family: &quot;Roboto Condensed&quot;, sans-serif; font-size: 15px; text-align: center;\"><span style=\"color: rgb(137, 137, 137); font-family: &quot;Roboto Condensed&quot;, sans-serif; font-size: 15px; text-align: center;\">- Liên Hệ : 0981.982.267</span><br></p>','/products/avatars/VN0A4BV6XK9-650x650-650x650.jpg',29,'2021-09-13 23:35:58','2023-04-11 10:36:39',1,163,1,'vans-sk8-hi-lady-1681184199161',0,3),(45,'Vans SK8-Hi Patch',2000000.00,1000000.00,'<p><span style=\"color: rgb(137, 137, 137); font-family: &quot;Roboto Condensed&quot;, sans-serif; font-size: 15px; text-align: center;\">- Cam kết chính hãng</span><br style=\"color: rgb(137, 137, 137); font-family: &quot;Roboto Condensed&quot;, sans-serif; font-size: 15px; text-align: center;\"><span style=\"color: rgb(137, 137, 137); font-family: &quot;Roboto Condensed&quot;, sans-serif; font-size: 15px; text-align: center;\">- Vận chuyển toàn quốc&nbsp;[ Kiểm Tra Hàng Trước Khi Thanh Toán ]&nbsp;</span><br style=\"color: rgb(137, 137, 137); font-family: &quot;Roboto Condensed&quot;, sans-serif; font-size: 15px; text-align: center;\"><span style=\"color: rgb(137, 137, 137); font-family: &quot;Roboto Condensed&quot;, sans-serif; font-size: 15px; text-align: center;\">- 100% Ảnh chụp trực tiếp tại Drake Store</span><br style=\"color: rgb(137, 137, 137); font-family: &quot;Roboto Condensed&quot;, sans-serif; font-size: 15px; text-align: center;\"><span style=\"color: rgb(137, 137, 137); font-family: &quot;Roboto Condensed&quot;, sans-serif; font-size: 15px; text-align: center;\">- Bảo Hành Trọn Đời Sản Phẩm&nbsp;</span><br style=\"color: rgb(137, 137, 137); font-family: &quot;Roboto Condensed&quot;, sans-serif; font-size: 15px; text-align: center;\"><span style=\"color: rgb(137, 137, 137); font-family: &quot;Roboto Condensed&quot;, sans-serif; font-size: 15px; text-align: center;\">- Đổi Trả 7 Ngày Không Kể Lí Do&nbsp;</span><br style=\"color: rgb(137, 137, 137); font-family: &quot;Roboto Condensed&quot;, sans-serif; font-size: 15px; text-align: center;\"><span style=\"color: rgb(137, 137, 137); font-family: &quot;Roboto Condensed&quot;, sans-serif; font-size: 15px; text-align: center;\">- Liên Hệ : 0981.982.267</span><br></p>','/products/avatars/VN0A38GEUPV-650x650.jpg',29,'2021-09-13 23:37:10','2023-04-11 10:36:11',1,163,1,'vans-sk8-hi-patch-1681184171043',0,NULL),(46,'Vans UA SK8-Hi Tapered DIY',1900000.00,1900000.00,'<p><span style=\"color: rgb(137, 137, 137); font-family: &quot;Roboto Condensed&quot;, sans-serif; font-size: 15px; text-align: center;\">- Cam kết chính hãng</span><br style=\"color: rgb(137, 137, 137); font-family: &quot;Roboto Condensed&quot;, sans-serif; font-size: 15px; text-align: center;\"><span style=\"color: rgb(137, 137, 137); font-family: &quot;Roboto Condensed&quot;, sans-serif; font-size: 15px; text-align: center;\">- Vận chuyển toàn quốc&nbsp;[ Kiểm Tra Hàng Trước Khi Thanh Toán ]&nbsp;</span><br style=\"color: rgb(137, 137, 137); font-family: &quot;Roboto Condensed&quot;, sans-serif; font-size: 15px; text-align: center;\"><span style=\"color: rgb(137, 137, 137); font-family: &quot;Roboto Condensed&quot;, sans-serif; font-size: 15px; text-align: center;\">- 100% Ảnh chụp trực tiếp tại Drake Store</span><br style=\"color: rgb(137, 137, 137); font-family: &quot;Roboto Condensed&quot;, sans-serif; font-size: 15px; text-align: center;\"><span style=\"color: rgb(137, 137, 137); font-family: &quot;Roboto Condensed&quot;, sans-serif; font-size: 15px; text-align: center;\">- Bảo Hành Trọn Đời Sản Phẩm&nbsp;</span><br style=\"color: rgb(137, 137, 137); font-family: &quot;Roboto Condensed&quot;, sans-serif; font-size: 15px; text-align: center;\"><span style=\"color: rgb(137, 137, 137); font-family: &quot;Roboto Condensed&quot;, sans-serif; font-size: 15px; text-align: center;\">- Đổi Trả 7 Ngày Không Kể Lí Do&nbsp;</span><br style=\"color: rgb(137, 137, 137); font-family: &quot;Roboto Condensed&quot;, sans-serif; font-size: 15px; text-align: center;\"><span style=\"color: rgb(137, 137, 137); font-family: &quot;Roboto Condensed&quot;, sans-serif; font-size: 15px; text-align: center;\">- Liên Hệ : 0981.982.267</span><br></p>','/products/avatars/VN0A4U16U7B_PL45-650x650.jpg',29,'2021-09-13 23:38:39','2023-04-11 10:28:14',1,163,1,'vans-ua-sk8-hi-tapered-diy-1681183693876',0,1),(47,'Converse Chuck Taylor 1970s Low',1900000.00,1900000.00,'<p><span style=\"color: rgb(137, 137, 137); font-family: &quot;Roboto Condensed&quot;, sans-serif; font-size: 15px; text-align: center;\">- Cam kết chính hãng</span><br style=\"color: rgb(137, 137, 137); font-family: &quot;Roboto Condensed&quot;, sans-serif; font-size: 15px; text-align: center;\"><span style=\"color: rgb(137, 137, 137); font-family: &quot;Roboto Condensed&quot;, sans-serif; font-size: 15px; text-align: center;\">- Vận chuyển toàn quốc&nbsp;[ Kiểm Tra Hàng Trước Khi Thanh Toán ]&nbsp;</span><br style=\"color: rgb(137, 137, 137); font-family: &quot;Roboto Condensed&quot;, sans-serif; font-size: 15px; text-align: center;\"><span style=\"color: rgb(137, 137, 137); font-family: &quot;Roboto Condensed&quot;, sans-serif; font-size: 15px; text-align: center;\">- 100% Ảnh chụp trực tiếp tại Drake Store</span><br style=\"color: rgb(137, 137, 137); font-family: &quot;Roboto Condensed&quot;, sans-serif; font-size: 15px; text-align: center;\"><span style=\"color: rgb(137, 137, 137); font-family: &quot;Roboto Condensed&quot;, sans-serif; font-size: 15px; text-align: center;\">- Bảo Hành Trọn Đời Sản Phẩm&nbsp;</span><br style=\"color: rgb(137, 137, 137); font-family: &quot;Roboto Condensed&quot;, sans-serif; font-size: 15px; text-align: center;\"><span style=\"color: rgb(137, 137, 137); font-family: &quot;Roboto Condensed&quot;, sans-serif; font-size: 15px; text-align: center;\">- Đổi Trả 7 Ngày Không Kể Lí Do&nbsp;</span><br style=\"color: rgb(137, 137, 137); font-family: &quot;Roboto Condensed&quot;, sans-serif; font-size: 15px; text-align: center;\"><span style=\"color: rgb(137, 137, 137); font-family: &quot;Roboto Condensed&quot;, sans-serif; font-size: 15px; text-align: center;\">- Liên Hệ : 0981.982.267</span><br></p>','/products/avatars/162058-DRAKE-650x650.jpg',30,'2021-09-13 23:40:41','2023-04-11 09:49:52',1,163,1,'converse-chuck-taylor-1970s-low-1681181392167',1,NULL),(48,'Converse Chuck Taylor 1970s Low',1900000.00,1900000.00,'<p><span style=\"color: rgb(137, 137, 137); font-family: &quot;Roboto Condensed&quot;, sans-serif; font-size: 15px; text-align: center;\">- Cam kết chính hãng</span><br style=\"color: rgb(137, 137, 137); font-family: &quot;Roboto Condensed&quot;, sans-serif; font-size: 15px; text-align: center;\"><span style=\"color: rgb(137, 137, 137); font-family: &quot;Roboto Condensed&quot;, sans-serif; font-size: 15px; text-align: center;\">- Vận chuyển toàn quốc&nbsp;[ Kiểm Tra Hàng Trước Khi Thanh Toán ]&nbsp;</span><br style=\"color: rgb(137, 137, 137); font-family: &quot;Roboto Condensed&quot;, sans-serif; font-size: 15px; text-align: center;\"><span style=\"color: rgb(137, 137, 137); font-family: &quot;Roboto Condensed&quot;, sans-serif; font-size: 15px; text-align: center;\">- 100% Ảnh chụp trực tiếp tại Drake Store</span><br style=\"color: rgb(137, 137, 137); font-family: &quot;Roboto Condensed&quot;, sans-serif; font-size: 15px; text-align: center;\"><span style=\"color: rgb(137, 137, 137); font-family: &quot;Roboto Condensed&quot;, sans-serif; font-size: 15px; text-align: center;\">- Bảo Hành Trọn Đời Sản Phẩm&nbsp;</span><br style=\"color: rgb(137, 137, 137); font-family: &quot;Roboto Condensed&quot;, sans-serif; font-size: 15px; text-align: center;\"><span style=\"color: rgb(137, 137, 137); font-family: &quot;Roboto Condensed&quot;, sans-serif; font-size: 15px; text-align: center;\">- Đổi Trả 7 Ngày Không Kể Lí Do&nbsp;</span><br style=\"color: rgb(137, 137, 137); font-family: &quot;Roboto Condensed&quot;, sans-serif; font-size: 15px; text-align: center;\"><span style=\"color: rgb(137, 137, 137); font-family: &quot;Roboto Condensed&quot;, sans-serif; font-size: 15px; text-align: center;\">- Liên Hệ : 0981.982.267</span><br></p>','/products/avatars/162065-DRAKE-650x650.jpg',30,'2021-09-13 23:42:27','2023-04-11 09:48:21',1,163,1,'converse-chuck-taylor-1970s-low-1681181300820',0,NULL),(49,'Converse Chuck Taylor 1970s Hi',2000000.00,2000000.00,'<p><span style=\"color: rgb(137, 137, 137); font-family: &quot;Roboto Condensed&quot;, sans-serif; font-size: 15px; text-align: center;\">- Cam kết chính hãng</span><br style=\"color: rgb(137, 137, 137); font-family: &quot;Roboto Condensed&quot;, sans-serif; font-size: 15px; text-align: center;\"><span style=\"color: rgb(137, 137, 137); font-family: &quot;Roboto Condensed&quot;, sans-serif; font-size: 15px; text-align: center;\">- Vận chuyển toàn quốc&nbsp;[ Kiểm Tra Hàng Trước Khi Thanh Toán ]&nbsp;</span><br style=\"color: rgb(137, 137, 137); font-family: &quot;Roboto Condensed&quot;, sans-serif; font-size: 15px; text-align: center;\"><span style=\"color: rgb(137, 137, 137); font-family: &quot;Roboto Condensed&quot;, sans-serif; font-size: 15px; text-align: center;\">- 100% Ảnh chụp trực tiếp tại Drake Store</span><br style=\"color: rgb(137, 137, 137); font-family: &quot;Roboto Condensed&quot;, sans-serif; font-size: 15px; text-align: center;\"><span style=\"color: rgb(137, 137, 137); font-family: &quot;Roboto Condensed&quot;, sans-serif; font-size: 15px; text-align: center;\">- Bảo Hành Trọn Đời Sản Phẩm&nbsp;</span><br style=\"color: rgb(137, 137, 137); font-family: &quot;Roboto Condensed&quot;, sans-serif; font-size: 15px; text-align: center;\"><span style=\"color: rgb(137, 137, 137); font-family: &quot;Roboto Condensed&quot;, sans-serif; font-size: 15px; text-align: center;\">- Đổi Trả 7 Ngày Không Kể Lí Do&nbsp;</span><br style=\"color: rgb(137, 137, 137); font-family: &quot;Roboto Condensed&quot;, sans-serif; font-size: 15px; text-align: center;\"><span style=\"color: rgb(137, 137, 137); font-family: &quot;Roboto Condensed&quot;, sans-serif; font-size: 15px; text-align: center;\">- Liên Hệ : 0981.982.267</span><br></p>','/products/avatars/162056-DRAKE-650x650.jpg',30,'2021-09-13 23:45:49','2023-04-11 09:43:40',1,163,1,'converse-chuck-taylor-1970s-hi-1681181017198',1,NULL),(50,'Converse Chuck Taylor 1970s Hi',2000000.00,2000000.00,'<p><span style=\"color: rgb(137, 137, 137); font-family: &quot;Roboto Condensed&quot;, sans-serif; font-size: 15px; text-align: center;\">- Cam kết chính hãng</span><br style=\"color: rgb(137, 137, 137); font-family: &quot;Roboto Condensed&quot;, sans-serif; font-size: 15px; text-align: center;\"><span style=\"color: rgb(137, 137, 137); font-family: &quot;Roboto Condensed&quot;, sans-serif; font-size: 15px; text-align: center;\">- Vận chuyển toàn quốc&nbsp;[ Kiểm Tra Hàng Trước Khi Thanh Toán ]&nbsp;</span><br style=\"color: rgb(137, 137, 137); font-family: &quot;Roboto Condensed&quot;, sans-serif; font-size: 15px; text-align: center;\"><span style=\"color: rgb(137, 137, 137); font-family: &quot;Roboto Condensed&quot;, sans-serif; font-size: 15px; text-align: center;\">- 100% Ảnh chụp trực tiếp tại Drake Store</span><br style=\"color: rgb(137, 137, 137); font-family: &quot;Roboto Condensed&quot;, sans-serif; font-size: 15px; text-align: center;\"><span style=\"color: rgb(137, 137, 137); font-family: &quot;Roboto Condensed&quot;, sans-serif; font-size: 15px; text-align: center;\">- Bảo Hành Trọn Đời Sản Phẩm&nbsp;</span><br style=\"color: rgb(137, 137, 137); font-family: &quot;Roboto Condensed&quot;, sans-serif; font-size: 15px; text-align: center;\"><span style=\"color: rgb(137, 137, 137); font-family: &quot;Roboto Condensed&quot;, sans-serif; font-size: 15px; text-align: center;\">- Đổi Trả 7 Ngày Không Kể Lí Do&nbsp;</span><br style=\"color: rgb(137, 137, 137); font-family: &quot;Roboto Condensed&quot;, sans-serif; font-size: 15px; text-align: center;\"><span style=\"color: rgb(137, 137, 137); font-family: &quot;Roboto Condensed&quot;, sans-serif; font-size: 15px; text-align: center;\">- Liên Hệ : 0981.982.267</span><br></p>','/products/avatars/162050-DRAKE-650x650.jpg',30,'2021-09-13 23:46:40','2023-04-11 09:45:59',1,163,1,'converse-chuck-taylor-1970s-hi-1681181159323',0,NULL),(51,'Converse Chuck Taylor All Star Hi-Vis Hi-Top',1600000.00,1600000.00,'<p><span style=\"color: rgb(137, 137, 137); font-family: &quot;Roboto Condensed&quot;, sans-serif; font-size: 15px; text-align: center;\">- Cam kết chính hãng</span><br style=\"color: rgb(137, 137, 137); font-family: &quot;Roboto Condensed&quot;, sans-serif; font-size: 15px; text-align: center;\"><span style=\"color: rgb(137, 137, 137); font-family: &quot;Roboto Condensed&quot;, sans-serif; font-size: 15px; text-align: center;\">- Vận chuyển toàn quốc&nbsp;[ Kiểm Tra Hàng Trước Khi Thanh Toán ]&nbsp;</span><br style=\"color: rgb(137, 137, 137); font-family: &quot;Roboto Condensed&quot;, sans-serif; font-size: 15px; text-align: center;\"><span style=\"color: rgb(137, 137, 137); font-family: &quot;Roboto Condensed&quot;, sans-serif; font-size: 15px; text-align: center;\">- 100% Ảnh chụp trực tiếp tại Drake Store</span><br style=\"color: rgb(137, 137, 137); font-family: &quot;Roboto Condensed&quot;, sans-serif; font-size: 15px; text-align: center;\"><span style=\"color: rgb(137, 137, 137); font-family: &quot;Roboto Condensed&quot;, sans-serif; font-size: 15px; text-align: center;\">- Bảo Hành Trọn Đời Sản Phẩm&nbsp;</span><br style=\"color: rgb(137, 137, 137); font-family: &quot;Roboto Condensed&quot;, sans-serif; font-size: 15px; text-align: center;\"><span style=\"color: rgb(137, 137, 137); font-family: &quot;Roboto Condensed&quot;, sans-serif; font-size: 15px; text-align: center;\">- Đổi Trả 7 Ngày Không Kể Lí Do&nbsp;</span><br style=\"color: rgb(137, 137, 137); font-family: &quot;Roboto Condensed&quot;, sans-serif; font-size: 15px; text-align: center;\"><span style=\"color: rgb(137, 137, 137); font-family: &quot;Roboto Condensed&quot;, sans-serif; font-size: 15px; text-align: center;\">- Liên Hệ : 0981.982.267</span><br></p>','/products/avatars/169451Cstandard.jpg',31,'2021-09-13 23:50:06','2021-09-13 23:50:06',1,1,1,'converse-chuck-taylor-all-star-hi-vis-hi-top-1631551806170',0,NULL),(52,'Converse Chuck Taylor All Star CX Explore Roots High Top',2300000.00,2300000.00,'<p><span style=\"color: rgb(137, 137, 137); font-family: &quot;Roboto Condensed&quot;, sans-serif; font-size: 15px; text-align: center;\">- Cam kết chính hãng</span><br style=\"color: rgb(137, 137, 137); font-family: &quot;Roboto Condensed&quot;, sans-serif; font-size: 15px; text-align: center;\"><span style=\"color: rgb(137, 137, 137); font-family: &quot;Roboto Condensed&quot;, sans-serif; font-size: 15px; text-align: center;\">- Vận chuyển toàn quốc&nbsp;[ Kiểm Tra Hàng Trước Khi Thanh Toán ]&nbsp;</span><br style=\"color: rgb(137, 137, 137); font-family: &quot;Roboto Condensed&quot;, sans-serif; font-size: 15px; text-align: center;\"><span style=\"color: rgb(137, 137, 137); font-family: &quot;Roboto Condensed&quot;, sans-serif; font-size: 15px; text-align: center;\">- 100% Ảnh chụp trực tiếp tại Drake Store</span><br style=\"color: rgb(137, 137, 137); font-family: &quot;Roboto Condensed&quot;, sans-serif; font-size: 15px; text-align: center;\"><span style=\"color: rgb(137, 137, 137); font-family: &quot;Roboto Condensed&quot;, sans-serif; font-size: 15px; text-align: center;\">- Bảo Hành Trọn Đời Sản Phẩm&nbsp;</span><br style=\"color: rgb(137, 137, 137); font-family: &quot;Roboto Condensed&quot;, sans-serif; font-size: 15px; text-align: center;\"><span style=\"color: rgb(137, 137, 137); font-family: &quot;Roboto Condensed&quot;, sans-serif; font-size: 15px; text-align: center;\">- Đổi Trả 7 Ngày Không Kể Lí Do&nbsp;</span><br style=\"color: rgb(137, 137, 137); font-family: &quot;Roboto Condensed&quot;, sans-serif; font-size: 15px; text-align: center;\"><span style=\"color: rgb(137, 137, 137); font-family: &quot;Roboto Condensed&quot;, sans-serif; font-size: 15px; text-align: center;\">- Liên Hệ : 0981.982.267</span><br></p>','/products/avatars/170138Cstandard (1).jpg',31,'2021-09-13 23:52:15','2021-09-13 23:52:15',1,1,1,'converse-chuck-taylor-all-star-cx-explore-roots-high-top-1631551934729',0,NULL),(53,'Converse Chuck Taylor All Star Valentine\'s Day High-Top',1600000.00,1600000.00,'<p><span style=\"color: rgb(137, 137, 137); font-family: &quot;Roboto Condensed&quot;, sans-serif; font-size: 15px; text-align: center;\">- Cam kết chính hãng</span><br style=\"color: rgb(137, 137, 137); font-family: &quot;Roboto Condensed&quot;, sans-serif; font-size: 15px; text-align: center;\"><span style=\"color: rgb(137, 137, 137); font-family: &quot;Roboto Condensed&quot;, sans-serif; font-size: 15px; text-align: center;\">- Vận chuyển toàn quốc&nbsp;[ Kiểm Tra Hàng Trước Khi Thanh Toán ]&nbsp;</span><br style=\"color: rgb(137, 137, 137); font-family: &quot;Roboto Condensed&quot;, sans-serif; font-size: 15px; text-align: center;\"><span style=\"color: rgb(137, 137, 137); font-family: &quot;Roboto Condensed&quot;, sans-serif; font-size: 15px; text-align: center;\">- 100% Ảnh chụp trực tiếp tại Drake Store</span><br style=\"color: rgb(137, 137, 137); font-family: &quot;Roboto Condensed&quot;, sans-serif; font-size: 15px; text-align: center;\"><span style=\"color: rgb(137, 137, 137); font-family: &quot;Roboto Condensed&quot;, sans-serif; font-size: 15px; text-align: center;\">- Bảo Hành Trọn Đời Sản Phẩm&nbsp;</span><br style=\"color: rgb(137, 137, 137); font-family: &quot;Roboto Condensed&quot;, sans-serif; font-size: 15px; text-align: center;\"><span style=\"color: rgb(137, 137, 137); font-family: &quot;Roboto Condensed&quot;, sans-serif; font-size: 15px; text-align: center;\">- Đổi Trả 7 Ngày Không Kể Lí Do&nbsp;</span><br style=\"color: rgb(137, 137, 137); font-family: &quot;Roboto Condensed&quot;, sans-serif; font-size: 15px; text-align: center;\"><span style=\"color: rgb(137, 137, 137); font-family: &quot;Roboto Condensed&quot;, sans-serif; font-size: 15px; text-align: center;\">- Liên Hệ : 0981.982.267</span><br></p>','/products/avatars/171158Fstandard.jpg',31,'2021-09-13 23:54:00','2021-09-13 23:54:00',1,1,1,'converse-chuck-taylor-all-star-valentine-s-day-high-top-1631552039858',0,NULL),(54,'Converse Chuck Taylor Classic',1450000.00,1450000.00,'<p><span style=\"color: rgb(137, 137, 137); font-family: &quot;Roboto Condensed&quot;, sans-serif; font-size: 15px; text-align: center;\">- Cam kết chính hãng</span><br style=\"color: rgb(137, 137, 137); font-family: &quot;Roboto Condensed&quot;, sans-serif; font-size: 15px; text-align: center;\"><span style=\"color: rgb(137, 137, 137); font-family: &quot;Roboto Condensed&quot;, sans-serif; font-size: 15px; text-align: center;\">- Vận chuyển toàn quốc&nbsp;[ Kiểm Tra Hàng Trước Khi Thanh Toán ]&nbsp;</span><br style=\"color: rgb(137, 137, 137); font-family: &quot;Roboto Condensed&quot;, sans-serif; font-size: 15px; text-align: center;\"><span style=\"color: rgb(137, 137, 137); font-family: &quot;Roboto Condensed&quot;, sans-serif; font-size: 15px; text-align: center;\">- 100% Ảnh chụp trực tiếp tại Drake Store</span><br style=\"color: rgb(137, 137, 137); font-family: &quot;Roboto Condensed&quot;, sans-serif; font-size: 15px; text-align: center;\"><span style=\"color: rgb(137, 137, 137); font-family: &quot;Roboto Condensed&quot;, sans-serif; font-size: 15px; text-align: center;\">- Bảo Hành Trọn Đời Sản Phẩm&nbsp;</span><br style=\"color: rgb(137, 137, 137); font-family: &quot;Roboto Condensed&quot;, sans-serif; font-size: 15px; text-align: center;\"><span style=\"color: rgb(137, 137, 137); font-family: &quot;Roboto Condensed&quot;, sans-serif; font-size: 15px; text-align: center;\">- Đổi Trả 7 Ngày Không Kể Lí Do&nbsp;</span><br style=\"color: rgb(137, 137, 137); font-family: &quot;Roboto Condensed&quot;, sans-serif; font-size: 15px; text-align: center;\"><span style=\"color: rgb(137, 137, 137); font-family: &quot;Roboto Condensed&quot;, sans-serif; font-size: 15px; text-align: center;\">- Liên Hệ : 0981.982.267</span><br></p>','/products/avatars/121178-1.jpg',32,'2021-09-13 23:56:41','2021-09-13 23:56:41',1,1,1,'converse-chuck-taylor-classic-1631552200510',0,NULL),(55,'Converse Chuck Taylor Classic',1450000.00,1450000.00,'<p><span style=\"color: rgb(137, 137, 137); font-family: &quot;Roboto Condensed&quot;, sans-serif; font-size: 15px; text-align: center;\">- Cam kết chính hãng</span><br style=\"color: rgb(137, 137, 137); font-family: &quot;Roboto Condensed&quot;, sans-serif; font-size: 15px; text-align: center;\"><span style=\"color: rgb(137, 137, 137); font-family: &quot;Roboto Condensed&quot;, sans-serif; font-size: 15px; text-align: center;\">- Vận chuyển toàn quốc&nbsp;[ Kiểm Tra Hàng Trước Khi Thanh Toán ]&nbsp;</span><br style=\"color: rgb(137, 137, 137); font-family: &quot;Roboto Condensed&quot;, sans-serif; font-size: 15px; text-align: center;\"><span style=\"color: rgb(137, 137, 137); font-family: &quot;Roboto Condensed&quot;, sans-serif; font-size: 15px; text-align: center;\">- 100% Ảnh chụp trực tiếp tại Drake Store</span><br style=\"color: rgb(137, 137, 137); font-family: &quot;Roboto Condensed&quot;, sans-serif; font-size: 15px; text-align: center;\"><span style=\"color: rgb(137, 137, 137); font-family: &quot;Roboto Condensed&quot;, sans-serif; font-size: 15px; text-align: center;\">- Bảo Hành Trọn Đời Sản Phẩm&nbsp;</span><br style=\"color: rgb(137, 137, 137); font-family: &quot;Roboto Condensed&quot;, sans-serif; font-size: 15px; text-align: center;\"><span style=\"color: rgb(137, 137, 137); font-family: &quot;Roboto Condensed&quot;, sans-serif; font-size: 15px; text-align: center;\">- Đổi Trả 7 Ngày Không Kể Lí Do&nbsp;</span><br style=\"color: rgb(137, 137, 137); font-family: &quot;Roboto Condensed&quot;, sans-serif; font-size: 15px; text-align: center;\"><span style=\"color: rgb(137, 137, 137); font-family: &quot;Roboto Condensed&quot;, sans-serif; font-size: 15px; text-align: center;\">- Liên Hệ : 0981.982.267</span><br></p>','/products/avatars/126196-1.jpg',32,'2021-09-13 23:58:28','2021-09-14 20:36:04',1,1,1,'converse-chuck-taylor-classic-1631626564120',0,NULL),(56,'Converse Chuck Taylor Classic Hi',1550000.00,1550000.00,'<p><span style=\"color: rgb(137, 137, 137); font-family: &quot;Roboto Condensed&quot;, sans-serif; font-size: 15px; text-align: center;\">- Cam kết chính hãng</span><br style=\"color: rgb(137, 137, 137); font-family: &quot;Roboto Condensed&quot;, sans-serif; font-size: 15px; text-align: center;\"><span style=\"color: rgb(137, 137, 137); font-family: &quot;Roboto Condensed&quot;, sans-serif; font-size: 15px; text-align: center;\">- Vận chuyển toàn quốc&nbsp;[ Kiểm Tra Hàng Trước Khi Thanh Toán ]&nbsp;</span><br style=\"color: rgb(137, 137, 137); font-family: &quot;Roboto Condensed&quot;, sans-serif; font-size: 15px; text-align: center;\"><span style=\"color: rgb(137, 137, 137); font-family: &quot;Roboto Condensed&quot;, sans-serif; font-size: 15px; text-align: center;\">- 100% Ảnh chụp trực tiếp tại Drake Store</span><br style=\"color: rgb(137, 137, 137); font-family: &quot;Roboto Condensed&quot;, sans-serif; font-size: 15px; text-align: center;\"><span style=\"color: rgb(137, 137, 137); font-family: &quot;Roboto Condensed&quot;, sans-serif; font-size: 15px; text-align: center;\">- Bảo Hành Trọn Đời Sản Phẩm&nbsp;</span><br style=\"color: rgb(137, 137, 137); font-family: &quot;Roboto Condensed&quot;, sans-serif; font-size: 15px; text-align: center;\"><span style=\"color: rgb(137, 137, 137); font-family: &quot;Roboto Condensed&quot;, sans-serif; font-size: 15px; text-align: center;\">- Đổi Trả 7 Ngày Không Kể Lí Do&nbsp;</span><br style=\"color: rgb(137, 137, 137); font-family: &quot;Roboto Condensed&quot;, sans-serif; font-size: 15px; text-align: center;\"><span style=\"color: rgb(137, 137, 137); font-family: &quot;Roboto Condensed&quot;, sans-serif; font-size: 15px; text-align: center;\">- Liên Hệ : 0981.982.267</span><br></p>','/products/avatars/127441-1.jpg',32,'2021-09-13 23:59:30','2021-09-13 23:59:30',1,1,1,'converse-chuck-taylor-classic-hi-1631552369699',0,NULL),(57,'New Balance 574 Rugged',1700000.00,1700000.00,'<p><span style=\"color: rgb(137, 137, 137); font-family: &quot;Roboto Condensed&quot;, sans-serif; font-size: 15px; text-align: center;\">- Cam kết chính hãng</span><br style=\"color: rgb(137, 137, 137); font-family: &quot;Roboto Condensed&quot;, sans-serif; font-size: 15px; text-align: center;\"><span style=\"color: rgb(137, 137, 137); font-family: &quot;Roboto Condensed&quot;, sans-serif; font-size: 15px; text-align: center;\">- Vận chuyển toàn quốc&nbsp;[ Kiểm Tra Hàng Trước Khi Thanh Toán ]&nbsp;</span><br style=\"color: rgb(137, 137, 137); font-family: &quot;Roboto Condensed&quot;, sans-serif; font-size: 15px; text-align: center;\"><span style=\"color: rgb(137, 137, 137); font-family: &quot;Roboto Condensed&quot;, sans-serif; font-size: 15px; text-align: center;\">- 100% Ảnh chụp trực tiếp tại Drake Store</span><br style=\"color: rgb(137, 137, 137); font-family: &quot;Roboto Condensed&quot;, sans-serif; font-size: 15px; text-align: center;\"><span style=\"color: rgb(137, 137, 137); font-family: &quot;Roboto Condensed&quot;, sans-serif; font-size: 15px; text-align: center;\">- Bảo Hành Trọn Đời Sản Phẩm&nbsp;</span><br style=\"color: rgb(137, 137, 137); font-family: &quot;Roboto Condensed&quot;, sans-serif; font-size: 15px; text-align: center;\"><span style=\"color: rgb(137, 137, 137); font-family: &quot;Roboto Condensed&quot;, sans-serif; font-size: 15px; text-align: center;\">- Đổi Trả 7 Ngày Không Kể Lí Do&nbsp;</span><br style=\"color: rgb(137, 137, 137); font-family: &quot;Roboto Condensed&quot;, sans-serif; font-size: 15px; text-align: center;\"><span style=\"color: rgb(137, 137, 137); font-family: &quot;Roboto Condensed&quot;, sans-serif; font-size: 15px; text-align: center;\">- Liên Hệ : 0981.982.267</span><br></p>','/products/avatars/ml574dhg_nb_02_i.webp',34,'2021-09-14 00:02:18','2021-09-14 20:37:30',1,1,1,'new-balance-574-rugged-1631626649882',0,NULL),(58,'New Balance 574',1600000.00,1600000.00,'<p><span style=\"color: rgb(137, 137, 137); font-family: &quot;Roboto Condensed&quot;, sans-serif; font-size: 15px; text-align: center;\">- Cam kết chính hãng</span><br style=\"color: rgb(137, 137, 137); font-family: &quot;Roboto Condensed&quot;, sans-serif; font-size: 15px; text-align: center;\"><span style=\"color: rgb(137, 137, 137); font-family: &quot;Roboto Condensed&quot;, sans-serif; font-size: 15px; text-align: center;\">- Vận chuyển toàn quốc&nbsp;[ Kiểm Tra Hàng Trước Khi Thanh Toán ]&nbsp;</span><br style=\"color: rgb(137, 137, 137); font-family: &quot;Roboto Condensed&quot;, sans-serif; font-size: 15px; text-align: center;\"><span style=\"color: rgb(137, 137, 137); font-family: &quot;Roboto Condensed&quot;, sans-serif; font-size: 15px; text-align: center;\">- 100% Ảnh chụp trực tiếp tại Drake Store</span><br style=\"color: rgb(137, 137, 137); font-family: &quot;Roboto Condensed&quot;, sans-serif; font-size: 15px; text-align: center;\"><span style=\"color: rgb(137, 137, 137); font-family: &quot;Roboto Condensed&quot;, sans-serif; font-size: 15px; text-align: center;\">- Bảo Hành Trọn Đời Sản Phẩm&nbsp;</span><br style=\"color: rgb(137, 137, 137); font-family: &quot;Roboto Condensed&quot;, sans-serif; font-size: 15px; text-align: center;\"><span style=\"color: rgb(137, 137, 137); font-family: &quot;Roboto Condensed&quot;, sans-serif; font-size: 15px; text-align: center;\">- Đổi Trả 7 Ngày Không Kể Lí Do&nbsp;</span><br style=\"color: rgb(137, 137, 137); font-family: &quot;Roboto Condensed&quot;, sans-serif; font-size: 15px; text-align: center;\"><span style=\"color: rgb(137, 137, 137); font-family: &quot;Roboto Condensed&quot;, sans-serif; font-size: 15px; text-align: center;\">- Liên Hệ : 0981.982.267</span><br></p>','/products/avatars/ml574hw2_nb_02_i.webp',34,'2021-09-14 00:04:14','2021-09-14 20:37:43',1,1,1,'new-balance-574-1631626662888',0,NULL),(59,'New Balance 574v2',1800000.00,1800000.00,'<p><span style=\"color: rgb(137, 137, 137); font-family: &quot;Roboto Condensed&quot;, sans-serif; font-size: 15px; text-align: center;\">- Cam kết chính hãng</span><br style=\"color: rgb(137, 137, 137); font-family: &quot;Roboto Condensed&quot;, sans-serif; font-size: 15px; text-align: center;\"><span style=\"color: rgb(137, 137, 137); font-family: &quot;Roboto Condensed&quot;, sans-serif; font-size: 15px; text-align: center;\">- Vận chuyển toàn quốc&nbsp;[ Kiểm Tra Hàng Trước Khi Thanh Toán ]&nbsp;</span><br style=\"color: rgb(137, 137, 137); font-family: &quot;Roboto Condensed&quot;, sans-serif; font-size: 15px; text-align: center;\"><span style=\"color: rgb(137, 137, 137); font-family: &quot;Roboto Condensed&quot;, sans-serif; font-size: 15px; text-align: center;\">- 100% Ảnh chụp trực tiếp tại Drake Store</span><br style=\"color: rgb(137, 137, 137); font-family: &quot;Roboto Condensed&quot;, sans-serif; font-size: 15px; text-align: center;\"><span style=\"color: rgb(137, 137, 137); font-family: &quot;Roboto Condensed&quot;, sans-serif; font-size: 15px; text-align: center;\">- Bảo Hành Trọn Đời Sản Phẩm&nbsp;</span><br style=\"color: rgb(137, 137, 137); font-family: &quot;Roboto Condensed&quot;, sans-serif; font-size: 15px; text-align: center;\"><span style=\"color: rgb(137, 137, 137); font-family: &quot;Roboto Condensed&quot;, sans-serif; font-size: 15px; text-align: center;\">- Đổi Trả 7 Ngày Không Kể Lí Do&nbsp;</span><br style=\"color: rgb(137, 137, 137); font-family: &quot;Roboto Condensed&quot;, sans-serif; font-size: 15px; text-align: center;\"><span style=\"color: rgb(137, 137, 137); font-family: &quot;Roboto Condensed&quot;, sans-serif; font-size: 15px; text-align: center;\">- Liên Hệ : 0981.982.267</span><br></p>','/products/avatars/ml574ime_nb_02_i.webp',34,'2021-09-14 00:07:34','2021-09-14 20:37:16',1,1,1,'new-balance-574v2-1631626636085',0,NULL),(60,'New Balance Fresh Foam Roav',1600000.00,1600000.00,'<p><span style=\"color: rgb(137, 137, 137); font-family: &quot;Roboto Condensed&quot;, sans-serif; font-size: 15px; text-align: center;\">- Cam kết chính hãng</span><br style=\"color: rgb(137, 137, 137); font-family: &quot;Roboto Condensed&quot;, sans-serif; font-size: 15px; text-align: center;\"><span style=\"color: rgb(137, 137, 137); font-family: &quot;Roboto Condensed&quot;, sans-serif; font-size: 15px; text-align: center;\">- Vận chuyển toàn quốc&nbsp;[ Kiểm Tra Hàng Trước Khi Thanh Toán ]&nbsp;</span><br style=\"color: rgb(137, 137, 137); font-family: &quot;Roboto Condensed&quot;, sans-serif; font-size: 15px; text-align: center;\"><span style=\"color: rgb(137, 137, 137); font-family: &quot;Roboto Condensed&quot;, sans-serif; font-size: 15px; text-align: center;\">- 100% Ảnh chụp trực tiếp tại Drake Store</span><br style=\"color: rgb(137, 137, 137); font-family: &quot;Roboto Condensed&quot;, sans-serif; font-size: 15px; text-align: center;\"><span style=\"color: rgb(137, 137, 137); font-family: &quot;Roboto Condensed&quot;, sans-serif; font-size: 15px; text-align: center;\">- Bảo Hành Trọn Đời Sản Phẩm&nbsp;</span><br style=\"color: rgb(137, 137, 137); font-family: &quot;Roboto Condensed&quot;, sans-serif; font-size: 15px; text-align: center;\"><span style=\"color: rgb(137, 137, 137); font-family: &quot;Roboto Condensed&quot;, sans-serif; font-size: 15px; text-align: center;\">- Đổi Trả 7 Ngày Không Kể Lí Do&nbsp;</span><br style=\"color: rgb(137, 137, 137); font-family: &quot;Roboto Condensed&quot;, sans-serif; font-size: 15px; text-align: center;\"><span style=\"color: rgb(137, 137, 137); font-family: &quot;Roboto Condensed&quot;, sans-serif; font-size: 15px; text-align: center;\">- Liên Hệ : 0981.982.267</span><br></p>','/products/avatars/mroavch_nb_02_i.webp',34,'2021-09-14 00:09:41','2021-09-14 00:28:00',1,1,1,'new-balance-fresh-foam-roav-1631554079765',0,NULL),(61,'Palladium Pampa Hi Ticket To Earth - 77357-116-M',3200000.00,3200000.00,'<p><span style=\"color: rgb(137, 137, 137); font-family: &quot;Roboto Condensed&quot;, sans-serif; font-size: 15px; text-align: center;\">- Cam kết chính hãng</span><br style=\"color: rgb(137, 137, 137); font-family: &quot;Roboto Condensed&quot;, sans-serif; font-size: 15px; text-align: center;\"><span style=\"color: rgb(137, 137, 137); font-family: &quot;Roboto Condensed&quot;, sans-serif; font-size: 15px; text-align: center;\">- Vận chuyển toàn quốc&nbsp;[ Kiểm Tra Hàng Trước Khi Thanh Toán ]&nbsp;</span><br style=\"color: rgb(137, 137, 137); font-family: &quot;Roboto Condensed&quot;, sans-serif; font-size: 15px; text-align: center;\"><span style=\"color: rgb(137, 137, 137); font-family: &quot;Roboto Condensed&quot;, sans-serif; font-size: 15px; text-align: center;\">- 100% Ảnh chụp trực tiếp tại Drake Store</span><br style=\"color: rgb(137, 137, 137); font-family: &quot;Roboto Condensed&quot;, sans-serif; font-size: 15px; text-align: center;\"><span style=\"color: rgb(137, 137, 137); font-family: &quot;Roboto Condensed&quot;, sans-serif; font-size: 15px; text-align: center;\">- Bảo Hành Trọn Đời Sản Phẩm&nbsp;</span><br style=\"color: rgb(137, 137, 137); font-family: &quot;Roboto Condensed&quot;, sans-serif; font-size: 15px; text-align: center;\"><span style=\"color: rgb(137, 137, 137); font-family: &quot;Roboto Condensed&quot;, sans-serif; font-size: 15px; text-align: center;\">- Đổi Trả 7 Ngày Không Kể Lí Do&nbsp;</span><br style=\"color: rgb(137, 137, 137); font-family: &quot;Roboto Condensed&quot;, sans-serif; font-size: 15px; text-align: center;\"><span style=\"color: rgb(137, 137, 137); font-family: &quot;Roboto Condensed&quot;, sans-serif; font-size: 15px; text-align: center;\">- Liên Hệ : 0981.982.267</span><br></p>','/products/avatars/77357-116-M_1-650x650.jpg',33,'2021-09-14 00:13:21','2023-04-10 14:22:30',1,NULL,1,'palladium-pampa-hi-ticket-to-earth-77357-116-m-1681111348472',1,4),(62,'Palladium Pampa Hi Ticket To Earth - 77357-001-M',3200000.00,3200000.00,'<p><span style=\"color: rgb(137, 137, 137); font-family: &quot;Roboto Condensed&quot;, sans-serif; font-size: 15px; text-align: center;\">- Cam kết chính hãng</span><br style=\"color: rgb(137, 137, 137); font-family: &quot;Roboto Condensed&quot;, sans-serif; font-size: 15px; text-align: center;\"><span style=\"color: rgb(137, 137, 137); font-family: &quot;Roboto Condensed&quot;, sans-serif; font-size: 15px; text-align: center;\">- Vận chuyển toàn quốc&nbsp;[ Kiểm Tra Hàng Trước Khi Thanh Toán ]&nbsp;</span><br style=\"color: rgb(137, 137, 137); font-family: &quot;Roboto Condensed&quot;, sans-serif; font-size: 15px; text-align: center;\"><span style=\"color: rgb(137, 137, 137); font-family: &quot;Roboto Condensed&quot;, sans-serif; font-size: 15px; text-align: center;\">- 100% Ảnh chụp trực tiếp tại Drake Store</span><br style=\"color: rgb(137, 137, 137); font-family: &quot;Roboto Condensed&quot;, sans-serif; font-size: 15px; text-align: center;\"><span style=\"color: rgb(137, 137, 137); font-family: &quot;Roboto Condensed&quot;, sans-serif; font-size: 15px; text-align: center;\">- Bảo Hành Trọn Đời Sản Phẩm&nbsp;</span><br style=\"color: rgb(137, 137, 137); font-family: &quot;Roboto Condensed&quot;, sans-serif; font-size: 15px; text-align: center;\"><span style=\"color: rgb(137, 137, 137); font-family: &quot;Roboto Condensed&quot;, sans-serif; font-size: 15px; text-align: center;\">- Đổi Trả 7 Ngày Không Kể Lí Do&nbsp;</span><br style=\"color: rgb(137, 137, 137); font-family: &quot;Roboto Condensed&quot;, sans-serif; font-size: 15px; text-align: center;\"><span style=\"color: rgb(137, 137, 137); font-family: &quot;Roboto Condensed&quot;, sans-serif; font-size: 15px; text-align: center;\">- Liên Hệ : 0981.982.267</span><br></p>','/products/avatars/77357-001-M_1-650x650.jpg',33,'2021-09-14 00:15:45','2023-04-10 14:18:22',1,NULL,1,'palladium-pampa-hi-ticket-to-earth-77357-001-m-1681111101173',0,NULL),(63,'Palladium Pampa Hi Change - 76648-116-M',3200000.00,3200000.00,'<p><span style=\"color: rgb(137, 137, 137); font-family: &quot;Roboto Condensed&quot;, sans-serif; font-size: 15px; text-align: center;\">- Cam kết chính hãng</span><br style=\"color: rgb(137, 137, 137); font-family: &quot;Roboto Condensed&quot;, sans-serif; font-size: 15px; text-align: center;\"><span style=\"color: rgb(137, 137, 137); font-family: &quot;Roboto Condensed&quot;, sans-serif; font-size: 15px; text-align: center;\">- Vận chuyển toàn quốc&nbsp;[ Kiểm Tra Hàng Trước Khi Thanh Toán ]&nbsp;</span><br style=\"color: rgb(137, 137, 137); font-family: &quot;Roboto Condensed&quot;, sans-serif; font-size: 15px; text-align: center;\"><span style=\"color: rgb(137, 137, 137); font-family: &quot;Roboto Condensed&quot;, sans-serif; font-size: 15px; text-align: center;\">- 100% Ảnh chụp trực tiếp tại Drake Store</span><br style=\"color: rgb(137, 137, 137); font-family: &quot;Roboto Condensed&quot;, sans-serif; font-size: 15px; text-align: center;\"><span style=\"color: rgb(137, 137, 137); font-family: &quot;Roboto Condensed&quot;, sans-serif; font-size: 15px; text-align: center;\">- Bảo Hành Trọn Đời Sản Phẩm&nbsp;</span><br style=\"color: rgb(137, 137, 137); font-family: &quot;Roboto Condensed&quot;, sans-serif; font-size: 15px; text-align: center;\"><span style=\"color: rgb(137, 137, 137); font-family: &quot;Roboto Condensed&quot;, sans-serif; font-size: 15px; text-align: center;\">- Đổi Trả 7 Ngày Không Kể Lí Do&nbsp;</span><br style=\"color: rgb(137, 137, 137); font-family: &quot;Roboto Condensed&quot;, sans-serif; font-size: 15px; text-align: center;\"><span style=\"color: rgb(137, 137, 137); font-family: &quot;Roboto Condensed&quot;, sans-serif; font-size: 15px; text-align: center;\">- Liên Hệ : 0981.982.267</span><br></p>','/products/avatars/76648-116-M-650x650.jpg',33,'2021-09-14 00:17:56','2023-04-10 14:27:04',1,NULL,1,'palladium-pampa-hi-change-76648-116-m-1681111623823',1,7),(64,'Palladium Pampalicious Starlight Blue - 96205-422-M',3000000.00,3000000.00,'<p><span style=\"color: rgb(137, 137, 137); font-family: &quot;Roboto Condensed&quot;, sans-serif; font-size: 15px; text-align: center;\">- Cam kết chính hãng</span><br style=\"color: rgb(137, 137, 137); font-family: &quot;Roboto Condensed&quot;, sans-serif; font-size: 15px; text-align: center;\"><span style=\"color: rgb(137, 137, 137); font-family: &quot;Roboto Condensed&quot;, sans-serif; font-size: 15px; text-align: center;\">- Vận chuyển toàn quốc&nbsp;[ Kiểm Tra Hàng Trước Khi Thanh Toán ]&nbsp;</span><br style=\"color: rgb(137, 137, 137); font-family: &quot;Roboto Condensed&quot;, sans-serif; font-size: 15px; text-align: center;\"><span style=\"color: rgb(137, 137, 137); font-family: &quot;Roboto Condensed&quot;, sans-serif; font-size: 15px; text-align: center;\">- 100% Ảnh chụp trực tiếp tại Drake Store</span><br style=\"color: rgb(137, 137, 137); font-family: &quot;Roboto Condensed&quot;, sans-serif; font-size: 15px; text-align: center;\"><span style=\"color: rgb(137, 137, 137); font-family: &quot;Roboto Condensed&quot;, sans-serif; font-size: 15px; text-align: center;\">- Bảo Hành Trọn Đời Sản Phẩm&nbsp;</span><br style=\"color: rgb(137, 137, 137); font-family: &quot;Roboto Condensed&quot;, sans-serif; font-size: 15px; text-align: center;\"><span style=\"color: rgb(137, 137, 137); font-family: &quot;Roboto Condensed&quot;, sans-serif; font-size: 15px; text-align: center;\">- Đổi Trả 7 Ngày Không Kể Lí Do&nbsp;</span><br style=\"color: rgb(137, 137, 137); font-family: &quot;Roboto Condensed&quot;, sans-serif; font-size: 15px; text-align: center;\"><span style=\"color: rgb(137, 137, 137); font-family: &quot;Roboto Condensed&quot;, sans-serif; font-size: 15px; text-align: center;\">- Liên Hệ : 0981.982.267</span><br></p>','/products/avatars/96205-422-M-DRAKE-650x650-650x650.jpg',33,'2021-09-14 00:19:17','2023-04-10 14:32:03',1,NULL,1,'palladium-pampalicious-starlight-blue-96205-422-m-1681111922360',0,0),(65,'Palladium Pallaphoenix Flame C - 76189-425-M',3650000.00,3650000.00,'<p><span style=\"color: rgb(137, 137, 137); font-family: &quot;Roboto Condensed&quot;, sans-serif; font-size: 15px; text-align: center;\">- Cam kết chính hãng</span><br style=\"color: rgb(137, 137, 137); font-family: &quot;Roboto Condensed&quot;, sans-serif; font-size: 15px; text-align: center;\"><span style=\"color: rgb(137, 137, 137); font-family: &quot;Roboto Condensed&quot;, sans-serif; font-size: 15px; text-align: center;\">- Vận chuyển toàn quốc&nbsp;[ Kiểm Tra Hàng Trước Khi Thanh Toán ]&nbsp;</span><br style=\"color: rgb(137, 137, 137); font-family: &quot;Roboto Condensed&quot;, sans-serif; font-size: 15px; text-align: center;\"><span style=\"color: rgb(137, 137, 137); font-family: &quot;Roboto Condensed&quot;, sans-serif; font-size: 15px; text-align: center;\">- 100% Ảnh chụp trực tiếp tại Drake Store</span><br style=\"color: rgb(137, 137, 137); font-family: &quot;Roboto Condensed&quot;, sans-serif; font-size: 15px; text-align: center;\"><span style=\"color: rgb(137, 137, 137); font-family: &quot;Roboto Condensed&quot;, sans-serif; font-size: 15px; text-align: center;\">- Bảo Hành Trọn Đời Sản Phẩm&nbsp;</span><br style=\"color: rgb(137, 137, 137); font-family: &quot;Roboto Condensed&quot;, sans-serif; font-size: 15px; text-align: center;\"><span style=\"color: rgb(137, 137, 137); font-family: &quot;Roboto Condensed&quot;, sans-serif; font-size: 15px; text-align: center;\">- Đổi Trả 7 Ngày Không Kể Lí Do&nbsp;</span><br style=\"color: rgb(137, 137, 137); font-family: &quot;Roboto Condensed&quot;, sans-serif; font-size: 15px; text-align: center;\"><span style=\"color: rgb(137, 137, 137); font-family: &quot;Roboto Condensed&quot;, sans-serif; font-size: 15px; text-align: center;\">- Liên Hệ : 0981.982.267</span><br></p>','/products/avatars/76189-425-M-650x650.jpg',33,'2021-09-14 00:20:36','2023-04-10 14:36:27',1,NULL,1,'palladium-pallaphoenix-flame-c-76189-425-m-1681112185898',0,NULL),(66,'Palladium Boots Hi Denim Blue - 76230-420-M',2500000.00,2500000.00,'<p><span style=\"color: rgb(137, 137, 137); font-family: &quot;Roboto Condensed&quot;, sans-serif; font-size: 15px; text-align: center;\">- Cam kết chính hãng</span><br style=\"color: rgb(137, 137, 137); font-family: &quot;Roboto Condensed&quot;, sans-serif; font-size: 15px; text-align: center;\"><span style=\"color: rgb(137, 137, 137); font-family: &quot;Roboto Condensed&quot;, sans-serif; font-size: 15px; text-align: center;\">- Vận chuyển toàn quốc&nbsp;[ Kiểm Tra Hàng Trước Khi Thanh Toán ]&nbsp;</span><br style=\"color: rgb(137, 137, 137); font-family: &quot;Roboto Condensed&quot;, sans-serif; font-size: 15px; text-align: center;\"><span style=\"color: rgb(137, 137, 137); font-family: &quot;Roboto Condensed&quot;, sans-serif; font-size: 15px; text-align: center;\">- 100% Ảnh chụp trực tiếp tại Drake Store</span><br style=\"color: rgb(137, 137, 137); font-family: &quot;Roboto Condensed&quot;, sans-serif; font-size: 15px; text-align: center;\"><span style=\"color: rgb(137, 137, 137); font-family: &quot;Roboto Condensed&quot;, sans-serif; font-size: 15px; text-align: center;\">- Bảo Hành Trọn Đời Sản Phẩm&nbsp;</span><br style=\"color: rgb(137, 137, 137); font-family: &quot;Roboto Condensed&quot;, sans-serif; font-size: 15px; text-align: center;\"><span style=\"color: rgb(137, 137, 137); font-family: &quot;Roboto Condensed&quot;, sans-serif; font-size: 15px; text-align: center;\">- Đổi Trả 7 Ngày Không Kể Lí Do&nbsp;</span><br style=\"color: rgb(137, 137, 137); font-family: &quot;Roboto Condensed&quot;, sans-serif; font-size: 15px; text-align: center;\"><span style=\"color: rgb(137, 137, 137); font-family: &quot;Roboto Condensed&quot;, sans-serif; font-size: 15px; text-align: center;\">- Liên Hệ : 0981.982.267</span><br></p>','/products/avatars/76230-420-M-DRAKE-650x650.jpg',33,'2021-09-14 00:22:20','2023-04-10 14:39:03',1,NULL,1,'palladium-boots-hi-denim-blue-76230-420-m-1681112338134',0,NULL),(67,'Balenciaga Track sneaker',20000000.00,20000000.00,'<p><span style=\"color: rgb(137, 137, 137); font-family: &quot;Roboto Condensed&quot;, sans-serif; font-size: 15px; text-align: center;\">- Cam kết chính hãng</span><br style=\"color: rgb(137, 137, 137); font-family: &quot;Roboto Condensed&quot;, sans-serif; font-size: 15px; text-align: center;\"><span style=\"color: rgb(137, 137, 137); font-family: &quot;Roboto Condensed&quot;, sans-serif; font-size: 15px; text-align: center;\">- Vận chuyển toàn quốc&nbsp;[ Kiểm Tra Hàng Trước Khi Thanh Toán ]&nbsp;</span><br style=\"color: rgb(137, 137, 137); font-family: &quot;Roboto Condensed&quot;, sans-serif; font-size: 15px; text-align: center;\"><span style=\"color: rgb(137, 137, 137); font-family: &quot;Roboto Condensed&quot;, sans-serif; font-size: 15px; text-align: center;\">- 100% Ảnh chụp trực tiếp tại Drake Store</span><br style=\"color: rgb(137, 137, 137); font-family: &quot;Roboto Condensed&quot;, sans-serif; font-size: 15px; text-align: center;\"><span style=\"color: rgb(137, 137, 137); font-family: &quot;Roboto Condensed&quot;, sans-serif; font-size: 15px; text-align: center;\">- Bảo Hành Trọn Đời Sản Phẩm&nbsp;</span><br style=\"color: rgb(137, 137, 137); font-family: &quot;Roboto Condensed&quot;, sans-serif; font-size: 15px; text-align: center;\"><span style=\"color: rgb(137, 137, 137); font-family: &quot;Roboto Condensed&quot;, sans-serif; font-size: 15px; text-align: center;\">- Đổi Trả 7 Ngày Không Kể Lí Do&nbsp;</span><br style=\"color: rgb(137, 137, 137); font-family: &quot;Roboto Condensed&quot;, sans-serif; font-size: 15px; text-align: center;\"><span style=\"color: rgb(137, 137, 137); font-family: &quot;Roboto Condensed&quot;, sans-serif; font-size: 15px; text-align: center;\">- Liên Hệ : 0981.982.267</span><br></p>','/products/avatars/Large-542023W1GB11000_F.jpg',35,'2021-09-14 00:31:21','2021-09-14 00:31:21',1,1,1,'balenciaga-track-sneaker-1631554281186',1,NULL),(68,'Balenciaga Triple S Sneaker',19000000.00,19000000.00,'<p><span style=\"color: rgb(137, 137, 137); font-family: &quot;Roboto Condensed&quot;, sans-serif; font-size: 15px; text-align: center;\">- Cam kết chính hãng</span><br style=\"color: rgb(137, 137, 137); font-family: &quot;Roboto Condensed&quot;, sans-serif; font-size: 15px; text-align: center;\"><span style=\"color: rgb(137, 137, 137); font-family: &quot;Roboto Condensed&quot;, sans-serif; font-size: 15px; text-align: center;\">- Vận chuyển toàn quốc&nbsp;[ Kiểm Tra Hàng Trước Khi Thanh Toán ]&nbsp;</span><br style=\"color: rgb(137, 137, 137); font-family: &quot;Roboto Condensed&quot;, sans-serif; font-size: 15px; text-align: center;\"><span style=\"color: rgb(137, 137, 137); font-family: &quot;Roboto Condensed&quot;, sans-serif; font-size: 15px; text-align: center;\">- 100% Ảnh chụp trực tiếp tại Drake Store</span><br style=\"color: rgb(137, 137, 137); font-family: &quot;Roboto Condensed&quot;, sans-serif; font-size: 15px; text-align: center;\"><span style=\"color: rgb(137, 137, 137); font-family: &quot;Roboto Condensed&quot;, sans-serif; font-size: 15px; text-align: center;\">- Bảo Hành Trọn Đời Sản Phẩm&nbsp;</span><br style=\"color: rgb(137, 137, 137); font-family: &quot;Roboto Condensed&quot;, sans-serif; font-size: 15px; text-align: center;\"><span style=\"color: rgb(137, 137, 137); font-family: &quot;Roboto Condensed&quot;, sans-serif; font-size: 15px; text-align: center;\">- Đổi Trả 7 Ngày Không Kể Lí Do&nbsp;</span><br style=\"color: rgb(137, 137, 137); font-family: &quot;Roboto Condensed&quot;, sans-serif; font-size: 15px; text-align: center;\"><span style=\"color: rgb(137, 137, 137); font-family: &quot;Roboto Condensed&quot;, sans-serif; font-size: 15px; text-align: center;\">- Liên Hệ : 0981.982.267</span><br></p>','/products/avatars/Large-534217W2CA11000_F.jpg',35,'2021-09-14 00:32:30','2021-09-14 00:32:30',1,1,1,'balenciaga-triple-s-sneaker-1631554349710',0,NULL),(69,'Balenciaga Allover Logo triple S Sneaker',25000000.00,25000000.00,'<p><span style=\"color: rgb(137, 137, 137); font-family: &quot;Roboto Condensed&quot;, sans-serif; font-size: 15px; text-align: center;\">- Cam kết chính hãng</span><br style=\"color: rgb(137, 137, 137); font-family: &quot;Roboto Condensed&quot;, sans-serif; font-size: 15px; text-align: center;\"><span style=\"color: rgb(137, 137, 137); font-family: &quot;Roboto Condensed&quot;, sans-serif; font-size: 15px; text-align: center;\">- Vận chuyển toàn quốc&nbsp;[ Kiểm Tra Hàng Trước Khi Thanh Toán ]&nbsp;</span><br style=\"color: rgb(137, 137, 137); font-family: &quot;Roboto Condensed&quot;, sans-serif; font-size: 15px; text-align: center;\"><span style=\"color: rgb(137, 137, 137); font-family: &quot;Roboto Condensed&quot;, sans-serif; font-size: 15px; text-align: center;\">- 100% Ảnh chụp trực tiếp tại Drake Store</span><br style=\"color: rgb(137, 137, 137); font-family: &quot;Roboto Condensed&quot;, sans-serif; font-size: 15px; text-align: center;\"><span style=\"color: rgb(137, 137, 137); font-family: &quot;Roboto Condensed&quot;, sans-serif; font-size: 15px; text-align: center;\">- Bảo Hành Trọn Đời Sản Phẩm&nbsp;</span><br style=\"color: rgb(137, 137, 137); font-family: &quot;Roboto Condensed&quot;, sans-serif; font-size: 15px; text-align: center;\"><span style=\"color: rgb(137, 137, 137); font-family: &quot;Roboto Condensed&quot;, sans-serif; font-size: 15px; text-align: center;\">- Đổi Trả 7 Ngày Không Kể Lí Do&nbsp;</span><br style=\"color: rgb(137, 137, 137); font-family: &quot;Roboto Condensed&quot;, sans-serif; font-size: 15px; text-align: center;\"><span style=\"color: rgb(137, 137, 137); font-family: &quot;Roboto Condensed&quot;, sans-serif; font-size: 15px; text-align: center;\">- Liên Hệ : 0981.982.267</span><br></p>','/products/avatars/Large-536737W2FA19010_F.jpg',35,'2021-09-14 00:35:07','2021-09-14 00:35:07',1,1,1,'balenciaga-allover-logo-triple-s-sneaker-1631554507095',0,NULL),(70,'Balenciaga Track Sneaker',20000000.00,20000000.00,'<p><span style=\"color: rgb(137, 137, 137); font-family: &quot;Roboto Condensed&quot;, sans-serif; font-size: 15px; text-align: center;\">- Cam kết chính hãng</span><br style=\"color: rgb(137, 137, 137); font-family: &quot;Roboto Condensed&quot;, sans-serif; font-size: 15px; text-align: center;\"><span style=\"color: rgb(137, 137, 137); font-family: &quot;Roboto Condensed&quot;, sans-serif; font-size: 15px; text-align: center;\">- Vận chuyển toàn quốc&nbsp;[ Kiểm Tra Hàng Trước Khi Thanh Toán ]&nbsp;</span><br style=\"color: rgb(137, 137, 137); font-family: &quot;Roboto Condensed&quot;, sans-serif; font-size: 15px; text-align: center;\"><span style=\"color: rgb(137, 137, 137); font-family: &quot;Roboto Condensed&quot;, sans-serif; font-size: 15px; text-align: center;\">- 100% Ảnh chụp trực tiếp tại Drake Store</span><br style=\"color: rgb(137, 137, 137); font-family: &quot;Roboto Condensed&quot;, sans-serif; font-size: 15px; text-align: center;\"><span style=\"color: rgb(137, 137, 137); font-family: &quot;Roboto Condensed&quot;, sans-serif; font-size: 15px; text-align: center;\">- Bảo Hành Trọn Đời Sản Phẩm&nbsp;</span><br style=\"color: rgb(137, 137, 137); font-family: &quot;Roboto Condensed&quot;, sans-serif; font-size: 15px; text-align: center;\"><span style=\"color: rgb(137, 137, 137); font-family: &quot;Roboto Condensed&quot;, sans-serif; font-size: 15px; text-align: center;\">- Đổi Trả 7 Ngày Không Kể Lí Do&nbsp;</span><br style=\"color: rgb(137, 137, 137); font-family: &quot;Roboto Condensed&quot;, sans-serif; font-size: 15px; text-align: center;\"><span style=\"color: rgb(137, 137, 137); font-family: &quot;Roboto Condensed&quot;, sans-serif; font-size: 15px; text-align: center;\">- Liên Hệ : 0981.982.267</span><br></p>','/products/avatars/Large-542023W1GB19059_F.jpg',35,'2021-09-14 00:36:13','2021-09-16 00:40:31',1,1,1,'balenciaga-track-sneaker-1631727631354',1,NULL),(96,'Palladium Pallabrouse Hi Top - 02477-431',2000000.00,2000000.00,'<p><span style=\"color: rgb(137, 137, 137); font-family: &quot;Roboto Condensed&quot;, sans-serif; font-size: 15px; text-align: center;\">- Cam kết chính hãng</span><br style=\"color: rgb(137, 137, 137); font-family: &quot;Roboto Condensed&quot;, sans-serif; font-size: 15px; text-align: center;\"><span style=\"color: rgb(137, 137, 137); font-family: &quot;Roboto Condensed&quot;, sans-serif; font-size: 15px; text-align: center;\">- Vận chuyển toàn quốc&nbsp;[ Kiểm Tra Hàng Trước Khi Thanh Toán ]&nbsp;</span><br style=\"color: rgb(137, 137, 137); font-family: &quot;Roboto Condensed&quot;, sans-serif; font-size: 15px; text-align: center;\"><span style=\"color: rgb(137, 137, 137); font-family: &quot;Roboto Condensed&quot;, sans-serif; font-size: 15px; text-align: center;\">- 100% Ảnh chụp trực tiếp tại Drake Store</span><br style=\"color: rgb(137, 137, 137); font-family: &quot;Roboto Condensed&quot;, sans-serif; font-size: 15px; text-align: center;\"><span style=\"color: rgb(137, 137, 137); font-family: &quot;Roboto Condensed&quot;, sans-serif; font-size: 15px; text-align: center;\">- Bảo Hành Trọn Đời Sản Phẩm&nbsp;</span><br style=\"color: rgb(137, 137, 137); font-family: &quot;Roboto Condensed&quot;, sans-serif; font-size: 15px; text-align: center;\"><span style=\"color: rgb(137, 137, 137); font-family: &quot;Roboto Condensed&quot;, sans-serif; font-size: 15px; text-align: center;\">- Đổi Trả 7 Ngày Không Kể Lí Do&nbsp;</span><br style=\"color: rgb(137, 137, 137); font-family: &quot;Roboto Condensed&quot;, sans-serif; font-size: 15px; text-align: center;\"><span style=\"color: rgb(137, 137, 137); font-family: &quot;Roboto Condensed&quot;, sans-serif; font-size: 15px; text-align: center;\">- Liên Hệ : 0981.982.267</span><br></p>','/products/avatars/02477-431-M-650x650.jpg',33,'2023-04-10 14:43:39','2023-04-10 14:46:15',NULL,NULL,1,'palladium-pallabrouse-hi-top-02477-431-1681112774459',0,NULL),(97,'Converse Chuck Taylor All Star 1970s My Story - 170282C',2000000.00,1400000.00,'<p><span style=\"color: rgb(137, 137, 137); font-family: &quot;Roboto Condensed&quot;, sans-serif; font-size: 15px; text-align: center;\">- Cam kết chính hãng</span><br style=\"color: rgb(137, 137, 137); font-family: &quot;Roboto Condensed&quot;, sans-serif; font-size: 15px; text-align: center;\"><span style=\"color: rgb(137, 137, 137); font-family: &quot;Roboto Condensed&quot;, sans-serif; font-size: 15px; text-align: center;\">- Vận chuyển toàn quốc&nbsp;[ Kiểm Tra Hàng Trước Khi Thanh Toán ]&nbsp;</span><br style=\"color: rgb(137, 137, 137); font-family: &quot;Roboto Condensed&quot;, sans-serif; font-size: 15px; text-align: center;\"><span style=\"color: rgb(137, 137, 137); font-family: &quot;Roboto Condensed&quot;, sans-serif; font-size: 15px; text-align: center;\">- 100% Ảnh chụp trực tiếp tại Drake Store</span><br style=\"color: rgb(137, 137, 137); font-family: &quot;Roboto Condensed&quot;, sans-serif; font-size: 15px; text-align: center;\"><span style=\"color: rgb(137, 137, 137); font-family: &quot;Roboto Condensed&quot;, sans-serif; font-size: 15px; text-align: center;\">- Bảo Hành Trọn Đời Sản Phẩm&nbsp;</span><br style=\"color: rgb(137, 137, 137); font-family: &quot;Roboto Condensed&quot;, sans-serif; font-size: 15px; text-align: center;\"><span style=\"color: rgb(137, 137, 137); font-family: &quot;Roboto Condensed&quot;, sans-serif; font-size: 15px; text-align: center;\">- Đổi Trả 7 Ngày Không Kể Lí Do&nbsp;</span><br style=\"color: rgb(137, 137, 137); font-family: &quot;Roboto Condensed&quot;, sans-serif; font-size: 15px; text-align: center;\"><span style=\"color: rgb(137, 137, 137); font-family: &quot;Roboto Condensed&quot;, sans-serif; font-size: 15px; text-align: center;\">- Liên Hệ : 0981.982.267</span><br></p>','/products/avatars/170282C - drake - 1-650x650.jpg',30,'2023-04-11 09:58:02','2023-04-11 09:58:02',163,NULL,1,'converse-chuck-taylor-all-star-1970s-my-story-170282c-1681181882223',0,NULL),(98,'Converse Chuck Taylor All Star 1970s Archive Paint Splatter - A01170C',2500000.00,2500000.00,'<p><span style=\"color: rgb(137, 137, 137); font-family: &quot;Roboto Condensed&quot;, sans-serif; font-size: 15px; text-align: center;\">- Cam kết chính hãng</span><br style=\"color: rgb(137, 137, 137); font-family: &quot;Roboto Condensed&quot;, sans-serif; font-size: 15px; text-align: center;\"><span style=\"color: rgb(137, 137, 137); font-family: &quot;Roboto Condensed&quot;, sans-serif; font-size: 15px; text-align: center;\">- Vận chuyển toàn quốc&nbsp;[ Kiểm Tra Hàng Trước Khi Thanh Toán ]&nbsp;</span><br style=\"color: rgb(137, 137, 137); font-family: &quot;Roboto Condensed&quot;, sans-serif; font-size: 15px; text-align: center;\"><span style=\"color: rgb(137, 137, 137); font-family: &quot;Roboto Condensed&quot;, sans-serif; font-size: 15px; text-align: center;\">- 100% Ảnh chụp trực tiếp tại Drake Store</span><br style=\"color: rgb(137, 137, 137); font-family: &quot;Roboto Condensed&quot;, sans-serif; font-size: 15px; text-align: center;\"><span style=\"color: rgb(137, 137, 137); font-family: &quot;Roboto Condensed&quot;, sans-serif; font-size: 15px; text-align: center;\">- Bảo Hành Trọn Đời Sản Phẩm&nbsp;</span><br style=\"color: rgb(137, 137, 137); font-family: &quot;Roboto Condensed&quot;, sans-serif; font-size: 15px; text-align: center;\"><span style=\"color: rgb(137, 137, 137); font-family: &quot;Roboto Condensed&quot;, sans-serif; font-size: 15px; text-align: center;\">- Đổi Trả 7 Ngày Không Kể Lí Do&nbsp;</span><br style=\"color: rgb(137, 137, 137); font-family: &quot;Roboto Condensed&quot;, sans-serif; font-size: 15px; text-align: center;\"><span style=\"color: rgb(137, 137, 137); font-family: &quot;Roboto Condensed&quot;, sans-serif; font-size: 15px; text-align: center;\">- Liên Hệ : 0981.982.267</span><br></p>','/products/avatars/A01170C_P1-650x650.jpg',30,'2023-04-11 10:00:04','2023-04-11 10:00:04',163,NULL,1,'converse-chuck-taylor-all-star-1970s-archive-paint-splatter-a01170c-1681182003734',0,NULL),(99,'Vans Ward Cross Body Pack Bag',700000.00,700000.00,'<p><span style=\"color: rgb(137, 137, 137); font-family: &quot;Roboto Condensed&quot;, sans-serif; font-size: 15px; text-align: center;\">- Cam kết chính hãng</span><br style=\"color: rgb(137, 137, 137); font-family: &quot;Roboto Condensed&quot;, sans-serif; font-size: 15px; text-align: center;\"><span style=\"color: rgb(137, 137, 137); font-family: &quot;Roboto Condensed&quot;, sans-serif; font-size: 15px; text-align: center;\">- Vận chuyển toàn quốc&nbsp;[ Kiểm Tra Hàng Trước Khi Thanh Toán ]&nbsp;</span><br style=\"color: rgb(137, 137, 137); font-family: &quot;Roboto Condensed&quot;, sans-serif; font-size: 15px; text-align: center;\"><span style=\"color: rgb(137, 137, 137); font-family: &quot;Roboto Condensed&quot;, sans-serif; font-size: 15px; text-align: center;\">- 100% Ảnh chụp trực tiếp tại Drake Store</span><br style=\"color: rgb(137, 137, 137); font-family: &quot;Roboto Condensed&quot;, sans-serif; font-size: 15px; text-align: center;\"><span style=\"color: rgb(137, 137, 137); font-family: &quot;Roboto Condensed&quot;, sans-serif; font-size: 15px; text-align: center;\">- Bảo Hành Trọn Đời Sản Phẩm&nbsp;</span><br style=\"color: rgb(137, 137, 137); font-family: &quot;Roboto Condensed&quot;, sans-serif; font-size: 15px; text-align: center;\"><span style=\"color: rgb(137, 137, 137); font-family: &quot;Roboto Condensed&quot;, sans-serif; font-size: 15px; text-align: center;\">- Đổi Trả 7 Ngày Không Kể Lí Do&nbsp;</span><br style=\"color: rgb(137, 137, 137); font-family: &quot;Roboto Condensed&quot;, sans-serif; font-size: 15px; text-align: center;\"><span style=\"color: rgb(137, 137, 137); font-family: &quot;Roboto Condensed&quot;, sans-serif; font-size: 15px; text-align: center;\">- Liên Hệ : 0981.982.267</span><br></p>','/products/avatars/VN0A2ZXXYSV-650x650.jpg',9,'2023-04-11 10:49:42','2023-04-11 10:49:42',163,NULL,1,'vans-ward-cross-body-pack-bag-1681184982364',0,NULL),(100,'Vans Pouch Wallet',450000.00,450000.00,'Điểm nhấn chính từ chiếc khóa kéo dây đan đầy tính thời trang tạo nên sự khác biệt cho thiết kế. Cùng form dáng đơn giản, trẻ trung, ví Vans Pouch Wallet sở hữu kết cấu gồm một ngăn túi kéo và một túi zip ở mặt trước tiện lợi. Thân ví được làm từ chất vải Cordura Fabric với độ bền bỉ, thoáng khí và khả năng chống trầy xước và chống nước tiện dụng. Mang màu sắc basic đơn giản giúp làm nổi bật logo Vans Off The Wall đặc trưng thương hiệu đầy quen thuộc.','/products/avatars/VN0A3HZX6ZC-650x650.jpg',9,'2023-04-11 10:51:34','2023-04-11 10:51:34',163,NULL,1,'vans-pouch-wallet-1681185094462',0,NULL);
/*!40000 ALTER TABLE `tbl_products` ENABLE KEYS */;
UNLOCK TABLES;

--
-- Table structure for table `tbl_role_user`
--

DROP TABLE IF EXISTS `tbl_role_user`;
/*!40101 SET @saved_cs_client     = @@character_set_client */;
/*!50503 SET character_set_client = utf8mb4 */;
CREATE TABLE `tbl_role_user` (
  `user_id` int NOT NULL,
  `role_id` int NOT NULL,
  PRIMARY KEY (`user_id`,`role_id`),
  KEY `fk_role_idx` (`role_id`),
  CONSTRAINT `fk_role` FOREIGN KEY (`role_id`) REFERENCES `tbl_roles` (`id`) ON DELETE RESTRICT ON UPDATE RESTRICT,
  CONSTRAINT `fk_user` FOREIGN KEY (`user_id`) REFERENCES `tbl_users` (`id`) ON DELETE RESTRICT ON UPDATE RESTRICT
) ENGINE=InnoDB DEFAULT CHARSET=utf8mb4 COLLATE=utf8mb4_bin;
/*!40101 SET character_set_client = @saved_cs_client */;

--
-- Dumping data for table `tbl_role_user`
--

LOCK TABLES `tbl_role_user` WRITE;
/*!40000 ALTER TABLE `tbl_role_user` DISABLE KEYS */;
INSERT INTO `tbl_role_user` VALUES (57,1),(165,1),(158,2),(164,2),(165,2),(166,2),(167,2),(163,9);
/*!40000 ALTER TABLE `tbl_role_user` ENABLE KEYS */;
UNLOCK TABLES;

--
-- Table structure for table `tbl_roles`
--

DROP TABLE IF EXISTS `tbl_roles`;
/*!40101 SET @saved_cs_client     = @@character_set_client */;
/*!50503 SET character_set_client = utf8mb4 */;
CREATE TABLE `tbl_roles` (
  `id` int NOT NULL AUTO_INCREMENT,
  `name` varchar(100) CHARACTER SET utf8mb4 COLLATE utf8mb4_bin NOT NULL,
  `description` varchar(100) CHARACTER SET utf8mb4 COLLATE utf8mb4_bin NOT NULL,
  `created_date` datetime DEFAULT NULL,
  `updated_date` datetime DEFAULT NULL,
  `created_by` int DEFAULT NULL,
  `updated_by` int DEFAULT NULL,
  `status` tinyint(1) DEFAULT NULL,
  PRIMARY KEY (`id`)
) ENGINE=InnoDB AUTO_INCREMENT=39 DEFAULT CHARSET=utf8mb4 COLLATE=utf8mb4_bin;
/*!40101 SET character_set_client = @saved_cs_client */;

--
-- Dumping data for table `tbl_roles`
--

LOCK TABLES `tbl_roles` WRITE;
/*!40000 ALTER TABLE `tbl_roles` DISABLE KEYS */;
INSERT INTO `tbl_roles` VALUES (1,'ADMIN','ADMIN',NULL,NULL,NULL,NULL,1),(2,'USER','USER',NULL,NULL,NULL,NULL,1),(9,'SUPER_ADMIN','SUPER ADMIN',NULL,NULL,NULL,NULL,1);
/*!40000 ALTER TABLE `tbl_roles` ENABLE KEYS */;
UNLOCK TABLES;

--
-- Table structure for table `tbl_saleorder`
--

DROP TABLE IF EXISTS `tbl_saleorder`;
/*!40101 SET @saved_cs_client     = @@character_set_client */;
/*!50503 SET character_set_client = utf8mb4 */;
CREATE TABLE `tbl_saleorder` (
  `id` int NOT NULL AUTO_INCREMENT,
  `code` varchar(100) CHARACTER SET utf8mb4 COLLATE utf8mb4_bin NOT NULL,
  `user_id` int DEFAULT NULL,
  `total` decimal(13,2) NOT NULL,
  `created_date` datetime DEFAULT NULL,
  `updated_date` datetime DEFAULT NULL,
  `created_by` int DEFAULT NULL,
  `updated_by` int DEFAULT NULL,
  `status` tinyint(1) DEFAULT NULL,
  `customer_name` varchar(100) CHARACTER SET utf8mb4 COLLATE utf8mb4_bin NOT NULL,
  `customer_address` varchar(100) CHARACTER SET utf8mb4 COLLATE utf8mb4_bin NOT NULL,
  `seo` varchar(200) CHARACTER SET utf8mb4 COLLATE utf8mb4_bin DEFAULT NULL,
  `customer_phone` varchar(100) CHARACTER SET utf8mb4 COLLATE utf8mb4_bin NOT NULL,
  `customer_email` varchar(100) CHARACTER SET utf8mb4 COLLATE utf8mb4_bin NOT NULL,
  `is_delivery` tinyint(1) DEFAULT NULL,
  `cancel` tinyint(1) DEFAULT NULL,
  `message` varchar(2000) CHARACTER SET utf8mb4 COLLATE utf8mb4_bin DEFAULT NULL,
  `confirm` tinyint(1) DEFAULT NULL,
  `is_pay` tinyint(1) DEFAULT NULL,
  `ipn_return` varchar(2000) COLLATE utf8mb4_bin DEFAULT NULL,
  PRIMARY KEY (`id`),
  KEY `fk_saleorder_user_idx` (`user_id`),
  CONSTRAINT `fk_saleorder_user` FOREIGN KEY (`user_id`) REFERENCES `tbl_users` (`id`) ON DELETE SET NULL ON UPDATE RESTRICT
) ENGINE=InnoDB AUTO_INCREMENT=109 DEFAULT CHARSET=utf8mb4 COLLATE=utf8mb4_bin;
/*!40101 SET character_set_client = @saved_cs_client */;

--
-- Dumping data for table `tbl_saleorder`
--

LOCK TABLES `tbl_saleorder` WRITE;
/*!40000 ALTER TABLE `tbl_saleorder` DISABLE KEYS */;
INSERT INTO `tbl_saleorder` VALUES (39,'DS1633712696662',NULL,8760000.00,'2023-01-09 00:04:57','2023-04-10 17:25:30',NULL,163,1,'Nguyễn Thế Tiến Dũng','Tân Lập - Đan Phượng - Hà Nội',NULL,'0981982267','svgxh01@gmail.com',0,0,'ok shop!',1,0,NULL),(40,'DS1634870561576',NULL,2760000.00,'2023-01-22 09:42:42','2023-01-22 16:28:50',NULL,NULL,1,'Nguyễn Tiến Dũng','Hà Nội',NULL,'0981982267','dung.ntt992001@gmail.com',0,1,'giao hàng nhanh cho mình nhé!',0,0,NULL),(41,'DS1634870986061',NULL,3000000.00,'2023-01-22 09:49:46','2023-01-22 16:01:56',NULL,NULL,1,'Nguyễn Thị Quỳnh','Tân Hội - Đan Phượng - Hà Nội',NULL,'0354575502','nttqah105@gmail.com',0,1,'test message',0,0,NULL),(42,'DS1634873711601',NULL,3000000.00,'2023-01-22 10:35:12','2023-02-06 15:57:09',NULL,57,1,'Lý Hồng An','Tân Hội - Đan Phượng - Hà Nội',NULL,'0354575502','lyhongan205@gmail.com',0,1,'',0,0,NULL),(49,'DS1635778249106',NULL,3000000.00,'2023-02-01 21:50:49','2023-04-10 17:24:30',NULL,163,1,'Nguyễn Tiến Dũng','Tân Lập - Đan Phượng - Hà Nội',NULL,'0981982267','dung.ntt992001@gmail.com',0,0,'aaaaaaa',1,0,NULL),(50,'DS1635778490684',NULL,3000000.00,'2023-02-01 21:54:51','2023-04-10 10:26:15',NULL,NULL,1,'Nguyễn Tiến Dũng','Hà Nội',NULL,'0981982267','dung.ntt992001@gmail.com',0,1,'aaaaaaaaaa',0,0,NULL),(53,'DS1636359261135',NULL,3000000.00,'2023-02-08 15:14:21','2023-04-15 20:48:18',NULL,57,1,'Nguyễn Tiến Dũng','Tân Lập - Đan Phượng - Hà Nội',NULL,'0981982267','dung.ntt992001@gmail.com',1,0,'abcabacbca',1,0,NULL),(57,'DS1637736467123',NULL,3000000.00,'2023-02-09 13:47:47','2023-04-15 20:20:13',NULL,NULL,1,'Nguyễn Tiến Dũng','Tân Lập - Đan Phượng - Hà Nội',NULL,'0981982267','dung.ntt992001@gmail.com',0,1,'aaaa',0,0,NULL),(58,'DS1641979652774',NULL,6000000.00,'2023-02-12 16:27:33','2023-03-30 17:58:49',NULL,1,1,'Nguyễn Tiến Dũng','Tân Lập - Đan Phượng - Hà Nội',NULL,'0981982267','dung.ntt992001@gmail.com',1,0,'12345',1,0,NULL),(59,'DS1648477167427',NULL,3000000.00,'2023-02-12 21:19:27','2023-03-30 11:06:54',NULL,NULL,1,'Nguyễn Tiến Dũng','Tân Lập - Đan Phượng - Hà Nội',NULL,'0981982267','dung.ntt992001@gmail.com',0,1,'abc',0,0,NULL),(60,'DS1648616435368',NULL,3000000.00,'2023-02-18 12:00:35','2023-03-30 13:57:59',NULL,NULL,1,'Nguyễn Tiến Dũng','Hà Nội',NULL,'0981982267','dung.ntt992001@gmail.com',0,1,'',0,0,NULL),(61,'DS1649086034019',NULL,8760000.00,'2023-02-21 22:27:14','2023-03-10 00:23:58',NULL,NULL,1,'Nguyễn Tiến Dũng','Hà Tây',NULL,'0981982267','dung.ntt992001@gmail.com',1,0,'',1,0,NULL),(63,'DS1651129983287',NULL,3000000.00,'2023-03-02 14:13:03','2023-03-28 14:29:51',1,1,1,'Nguyễn Tiến Dũng','Hà Tây',NULL,'0981982267','dung.ntt992001@gmail.com',1,0,'',1,0,NULL),(64,'DS1651575940737',NULL,9000000.00,'2023-03-03 18:05:41','2023-03-03 18:05:41',NULL,NULL,1,'Nguyen Van A','Tân Lập - Đan Phượng - Hà Nội',NULL,'0981982267','dung.ntt992001@gmail.com',0,0,'',0,0,NULL),(65,'DS1651576159326',NULL,1380000.00,'2023-03-03 18:09:19','2023-04-10 17:24:42',60,163,1,'Nguyen Van A','Tân Lập - Đan Phượng - Hà Nội',NULL,'0981982267','dung.ntt992001@gmail.com',0,1,'',0,0,NULL),(66,'DS1652029990527',NULL,1380000.00,'2023-03-09 00:13:11','2023-03-09 22:57:23',NULL,NULL,1,'Nguyễn Tiến Dũng','Hà Nội',NULL,'0981982267','dung.ntt992001@gmail.com',0,1,'giao nhanh giúp mình',0,0,NULL),(67,'DS1652030182792',NULL,3000000.00,'2023-03-09 00:16:23','2023-04-10 17:24:12',NULL,163,1,'Nguyen Tien Dung','Tân Lập - Đan Phượng - Hà Nội',NULL,'0981982267','dung.ntt992001@gmail.com',0,0,'',1,0,NULL),(68,'DS1652030234202',NULL,1380000.00,'2023-03-09 00:17:14','2023-03-09 00:22:28',35,NULL,1,'Nguyễn Tiến Dũng','Hà Nội',NULL,'0981982267','dung.ntt992001@gmail.com',0,1,'',0,0,NULL),(69,'DS1652030440140',NULL,1380000.00,'2023-03-09 00:20:40','2023-03-09 00:22:33',35,NULL,1,'Nguyễn Tiến Dũng','Hà Nội',NULL,'0981982267','dung.ntt992001@gmail.com',0,1,'',0,0,NULL),(70,'DS1652030512303',NULL,1380000.00,'2023-03-09 00:21:52','2023-03-09 00:22:36',35,NULL,1,'Nguyễn Tiến Dũng','Tân Lập - Đan Phượng - Hà Nội',NULL,'0981982267','dung.ntt992001@gmail.com',0,1,'',0,0,NULL),(71,'DS1652030673530',NULL,1380000.00,'2023-03-09 00:24:34','2023-03-09 22:54:59',NULL,NULL,1,'Nguyễn Tiến Dũng','Hà Nội',NULL,'0981982267','dung.ntt992001@gmail.com',0,1,'',0,0,NULL),(72,'DS1652089164762',NULL,1380000.00,'2023-03-09 16:39:25','2023-03-09 22:54:54',146,NULL,1,'Nguyễn Thị Lan','Tân Lập - Đan Phượng - Hà Nội',NULL,'0981982267','dung.ntt992001@gmail.com',0,1,'',0,0,NULL),(73,'DS1681122163335',158,3200000.00,'2023-04-10 17:22:27','2023-04-10 17:25:05',158,NULL,1,'Nguyen The Tien Dung','Đan Phượng - Hà Nội',NULL,'0981982267','dung.ntt992001@gmail.com',0,1,'',0,0,NULL),(74,'DS1681122453224',158,3200000.00,'2023-04-10 17:27:33','2023-04-10 17:28:35',158,163,1,'Nguyen The Tien Dung','Đan Phượng - Hà Nội',NULL,'0981982267','dung.ntt992001@gmail.com',0,0,'',1,0,NULL),(75,'DS1681122586925',158,3200000.00,'2023-04-10 17:29:47','2023-04-10 17:29:47',158,NULL,1,'Nguyen The Tien Dung','Đan Phượng - Hà Nội',NULL,'0981982267','dung.ntt992001@gmail.com',0,0,'',0,0,NULL),(76,'DS1681178389504',158,3200000.00,'2023-04-11 08:59:50','2023-04-11 14:13:25',158,NULL,1,'Nguyen The Tien Dung','Đan Phượng - Hà Nội',NULL,'0981982267','dung.ntt992001@gmail.com',0,1,'',0,0,NULL),(77,'DS1681179612240',158,3200000.00,'2023-04-11 09:20:12','2023-04-11 14:11:56',158,NULL,1,'Nguyen The Tien Dung','Đan Phượng - Hà Nội',NULL,'0981982267','dung.ntt992001@gmail.com',0,1,'',0,0,NULL),(78,'DS1681180245858',158,9600000.00,'2023-04-11 09:30:46','2023-04-11 14:04:01',158,NULL,1,'Nguyen The Tien Dung','Đan Phượng - Hà Nội',NULL,'0981982267','dung.ntt992001@gmail.com',0,1,'',0,0,NULL),(79,'DS1681650222106',NULL,3200000.00,'2023-04-16 19:57:04','2023-04-16 19:57:04',NULL,NULL,1,'Nguyen Tien Dung','Dan Phuong - Ha Noi',NULL,'0981982267','dung.ntt992001@gmail.com',0,0,'',0,0,NULL),(80,'DS1681652515819',NULL,3000000.00,'2023-04-16 20:41:53','2023-04-16 20:41:53',NULL,NULL,1,'Nguyen Tien Dung','Đan Phượng - Hà Nội',NULL,'0981982267','dung.ntt992001@gmail.com',0,0,'',0,0,NULL),(81,'DS1681661736189',NULL,3200000.00,'2023-04-16 23:15:36','2023-04-16 23:15:36',NULL,NULL,1,'Nguyen Tien Dung','Đan Phượng - Hà Nội',NULL,'0981982267','dung.ntt992001@gmail.com',0,0,'',0,0,NULL),(82,'DS1681662176853',NULL,3200000.00,'2023-04-16 23:22:57','2023-04-16 23:22:57',NULL,NULL,1,'Nguyen Tien Dung','Đan Phượng - Hà Nội',NULL,'0981982267','dung.ntt992001@gmail.com',0,0,'',0,0,NULL),(83,'DS1681662772884',NULL,3200000.00,'2023-04-16 23:32:53','2023-04-16 23:32:53',NULL,NULL,1,'Nguyen Tien Dung','Đan Phượng - Hà Nội',NULL,'0981982267','dung.ntt992001@gmail.com',0,0,'',0,0,NULL),(84,'DS1681663079177',NULL,1000000.00,'2023-04-16 23:37:59','2023-04-16 23:37:59',NULL,NULL,1,'Nguyen Tien Dung','Đan Phượng - Hà Nội',NULL,'0981982267','dung.ntt992001@gmail.com',0,0,'',0,0,NULL),(85,'DS1681663434794',NULL,3200000.00,'2023-04-16 23:43:55','2023-04-16 23:43:55',NULL,NULL,1,'Nguyen Tien Dung','Đan Phượng - Hà Nội',NULL,'0981982267','dung.ntt992001@gmail.com',0,0,'',0,0,NULL),(86,'DS1681663531635',NULL,1900000.00,'2023-04-16 23:45:32','2023-04-16 23:45:32',NULL,NULL,1,'Nguyen Tien Dung','Đan Phượng - Hà Nội',NULL,'0981982267','dung.ntt992001@gmail.com',0,0,'',0,0,NULL),(87,'DS1681664093195',NULL,1000000.00,'2023-04-16 23:54:53','2023-04-16 23:54:53',NULL,NULL,1,'Nguyen Tien Dung','Đan Phượng - Hà Nội',NULL,'0981982267','dung.ntt992001@gmail.com',0,0,'',0,0,NULL),(88,'DS1681665771530',NULL,1000000.00,'2023-04-17 00:22:52','2023-04-17 00:22:52',NULL,NULL,1,'Nguyen Tien Dung','Đan Phượng - Hà Nội',NULL,'0981982267','dung.ntt992001@gmail.com',0,0,'',0,0,NULL),(89,'DS1681665941415',NULL,3200000.00,'2023-04-17 00:25:41','2023-04-17 00:25:41',NULL,NULL,1,'Nguyen Tien Dung','Đan Phượng - Hà Nội',NULL,'0981982267','dung.ntt992001@gmail.com',0,0,'',0,0,NULL),(95,'DS1683427985803',158,3000000.00,'2023-05-07 09:53:06','2023-05-07 10:04:17',158,NULL,1,'Nguyễn Thế Tiến Dũng','Đan Phượng - Hà Nội',NULL,'0981982267','dung.ntt92001@gmail.com',0,1,'',0,0,NULL),(96,'DS1683440394472',158,3200000.00,'2023-05-07 13:19:54','2023-05-07 13:19:54',158,NULL,1,'Nguyễn Thế Tiến Dũng','Đan Phượng - Hà Nội',NULL,'0981982267','dung.ntt92001@gmail.com',0,0,'',0,0,NULL),(101,'DS1683441509539',158,3200000.00,'2023-05-07 13:38:30','2023-05-07 16:57:35',158,NULL,1,'Nguyễn Thế Tiến Dũng','Đan Phượng - Hà Nội',NULL,'0981982267','dung.ntt92001@gmail.com',1,0,'',1,1,'http://localhost:8080/order/view/ipn_return?vnp_Amount=3200000&vnp_BankCode=NCB&vnp_BankTranNo=VNP14005939&vnp_CardType=ATM&vnp_OrderInfo=Thanh+toan+don+hang+thoi+gian%3A+07-05-2023+13%3A38%3A29&vnp_PayDate=20230507133852&vnp_ResponseCode=00&vnp_TmnCode=HK3Q7GGZ&vnp_TransactionNo=14005939&vnp_TransactionStatus=00&vnp_TxnRef=101&vnp_SecureHash=9cdc0f4523fe78d90ff4500cc87cc15fffee55316d12d1a5865e93a497e1ca629dfb0e80565ca2ae77098ff102d6e5ed46e3eae2a3f2c6088b51454747f374ac'),(108,'DS1683470808628',158,3200000.00,'2023-05-07 21:46:49','2023-05-07 21:54:25',158,163,1,'Nguyễn Thế Tiến Dũng','Đan Phượng - Hà Nội',NULL,'0981982267','dung.ntt92001@gmail.com',1,0,'',1,1,'http://localhost:8080/order/view/ipn_return?vnp_Amount=3200000&vnp_BankCode=NCB&vnp_BankTranNo=VNP14006187&vnp_CardType=ATM&vnp_OrderInfo=Thanh+toan+don+hang+thoi+gian%3A+07-05-2023+21%3A46%3A48&vnp_PayDate=20230507214721&vnp_ResponseCode=00&vnp_TmnCode=HK3Q7GGZ&vnp_TransactionNo=14006187&vnp_TransactionStatus=00&vnp_TxnRef=108&vnp_SecureHash=fea49a6cbb793cc1d51a9fe12fd185262860b382f43fcfe5b398754b992590d35891679155013e2e355f5edd2c2b48fd27b3338f18508b96a566e499aee46ee0');
/*!40000 ALTER TABLE `tbl_saleorder` ENABLE KEYS */;
UNLOCK TABLES;

--
-- Table structure for table `tbl_saleorder_products`
--

DROP TABLE IF EXISTS `tbl_saleorder_products`;
/*!40101 SET @saved_cs_client     = @@character_set_client */;
/*!50503 SET character_set_client = utf8mb4 */;
CREATE TABLE `tbl_saleorder_products` (
  `id` int NOT NULL AUTO_INCREMENT,
  `saleorder_id` int NOT NULL,
  `product_id` int DEFAULT NULL,
  `quantity` int DEFAULT NULL,
  `created_date` datetime DEFAULT NULL,
  `updated_date` datetime DEFAULT NULL,
  `created_by` int DEFAULT NULL,
  `updated_by` int DEFAULT NULL,
  `status` tinyint(1) DEFAULT NULL,
  `price_at_buy` decimal(13,2) DEFAULT NULL,
  `size` varchar(45) CHARACTER SET utf8mb4 COLLATE utf8mb4_bin DEFAULT NULL,
  `product_name` varchar(1000) CHARACTER SET utf8mb4 COLLATE utf8mb4_bin DEFAULT NULL,
  PRIMARY KEY (`id`),
  KEY `fk_saleorder_id_idx` (`saleorder_id`),
  KEY `fk_product_id_idx` (`product_id`),
  CONSTRAINT `fk_product_id` FOREIGN KEY (`product_id`) REFERENCES `tbl_products` (`id`) ON DELETE SET NULL ON UPDATE RESTRICT,
  CONSTRAINT `fk_saleorder_id` FOREIGN KEY (`saleorder_id`) REFERENCES `tbl_saleorder` (`id`) ON DELETE CASCADE ON UPDATE RESTRICT
) ENGINE=InnoDB AUTO_INCREMENT=159 DEFAULT CHARSET=utf8mb4 COLLATE=utf8mb4_bin;
/*!40101 SET character_set_client = @saved_cs_client */;

--
-- Dumping data for table `tbl_saleorder_products`
--

LOCK TABLES `tbl_saleorder_products` WRITE;
/*!40000 ALTER TABLE `tbl_saleorder_products` DISABLE KEYS */;
INSERT INTO `tbl_saleorder_products` VALUES (78,39,1,2,NULL,NULL,NULL,NULL,NULL,3000000.00,'40','Adidas Falcon nữ Originals Supplier Colour'),(79,39,2,2,NULL,NULL,NULL,NULL,NULL,1380000.00,'39','Adidas Falcon Nam chạy 2.0 Grey Six'),(80,40,2,1,NULL,NULL,NULL,NULL,NULL,1380000.00,'43','Adidas Falcon Nam chạy 2.0 Grey Six'),(81,40,2,1,NULL,NULL,NULL,NULL,NULL,1380000.00,'37','Adidas Falcon Nam chạy 2.0 Grey Six'),(82,41,1,1,NULL,NULL,NULL,NULL,NULL,3000000.00,'37','Adidas Falcon nữ Originals Supplier Colour'),(83,42,1,1,NULL,NULL,NULL,NULL,NULL,3000000.00,'37','Adidas Falcon nữ Originals Supplier Colour'),(90,49,1,1,NULL,NULL,NULL,NULL,NULL,3000000.00,'37','Adidas Falcon nữ Originals Supplier Colour'),(91,50,1,1,NULL,NULL,NULL,NULL,NULL,3000000.00,'37','Adidas Falcon nữ Originals Supplier Colour'),(94,53,1,1,NULL,NULL,NULL,NULL,NULL,3000000.00,'37','Adidas Falcon nữ Originals Supplier Colour'),(98,57,1,1,NULL,NULL,NULL,NULL,NULL,3000000.00,'37','Adidas Falcon nữ Originals Supplier Colour'),(99,58,1,2,NULL,NULL,NULL,NULL,NULL,3000000.00,'39','Adidas Falcon nữ Originals Supplier Colour'),(100,59,1,1,NULL,NULL,NULL,NULL,NULL,3000000.00,'37','Adidas Falcon nữ Originals Supplier Colour'),(101,60,1,1,NULL,NULL,NULL,NULL,NULL,3000000.00,'37','Adidas Falcon nữ Originals Supplier Colour'),(102,61,2,2,'2022-04-04 22:27:14',NULL,NULL,NULL,NULL,1380000.00,'37','Adidas Falcon Nam chạy 2.0 Grey Six'),(103,61,1,2,'2022-04-04 22:27:14',NULL,NULL,NULL,NULL,3000000.00,'37','Adidas Falcon nữ Originals Supplier Colour'),(109,63,1,1,'2022-04-28 14:13:03',NULL,35,NULL,NULL,3000000.00,'37','Adidas Falcon nữ Originals Supplier Colour'),(110,64,1,2,'2022-05-03 18:05:41',NULL,NULL,NULL,NULL,3000000.00,'40','Adidas Falcon nữ Originals Supplier Colour'),(111,64,1,1,'2022-05-03 18:05:41',NULL,NULL,NULL,NULL,3000000.00,'37','Adidas Falcon nữ Originals Supplier Colour'),(112,65,2,1,'2022-05-03 18:09:19',NULL,60,NULL,NULL,1380000.00,'37','Adidas Falcon Nam chạy 2.0 Grey Six'),(113,66,2,1,'2022-05-09 00:13:11',NULL,NULL,NULL,NULL,1380000.00,'37','Adidas Falcon Nam chạy 2.0 Grey Six'),(114,67,1,1,'2022-05-09 00:16:23',NULL,NULL,NULL,NULL,3000000.00,'37','Adidas Falcon nữ Originals Supplier Colour'),(115,68,2,1,'2022-05-09 00:17:14',NULL,35,NULL,NULL,1380000.00,'37','Adidas Falcon Nam chạy 2.0 Grey Six'),(116,69,2,1,'2022-05-09 00:20:40',NULL,35,NULL,NULL,1380000.00,'37','Adidas Falcon Nam chạy 2.0 Grey Six'),(117,70,2,1,'2022-05-09 00:21:52',NULL,35,NULL,NULL,1380000.00,'37','Adidas Falcon Nam chạy 2.0 Grey Six'),(118,71,2,1,'2022-05-09 00:24:34',NULL,NULL,NULL,NULL,1380000.00,'37','Adidas Falcon Nam chạy 2.0 Grey Six'),(119,72,2,1,'2022-05-09 16:39:25',NULL,146,NULL,NULL,1380000.00,'37','Adidas Falcon Nam chạy 2.0 Grey Six'),(120,73,61,1,'2023-04-10 17:22:27',NULL,158,NULL,NULL,3200000.00,'37','Palladium Pampa Hi Ticket To Earth - 77357-116-M'),(121,74,63,1,'2023-04-10 17:27:33',NULL,158,NULL,NULL,3200000.00,'37','Palladium Pampa Hi Change - 76648-116-M'),(122,75,63,1,'2023-04-10 17:29:47',NULL,158,NULL,NULL,3200000.00,'37','Palladium Pampa Hi Change - 76648-116-M'),(123,76,63,1,'2023-04-11 08:59:50',NULL,158,NULL,NULL,3200000.00,'37','Palladium Pampa Hi Change - 76648-116-M'),(124,77,63,1,'2023-04-11 09:20:12',NULL,158,NULL,NULL,3200000.00,'37','Palladium Pampa Hi Change - 76648-116-M'),(125,78,61,1,'2023-04-11 09:30:46',NULL,158,NULL,NULL,3200000.00,'37','Palladium Pampa Hi Ticket To Earth - 77357-116-M'),(126,78,61,1,'2023-04-11 09:30:46',NULL,158,NULL,NULL,3200000.00,'42','Palladium Pampa Hi Ticket To Earth - 77357-116-M'),(127,78,63,1,'2023-04-11 09:30:46',NULL,158,NULL,NULL,3200000.00,'37','Palladium Pampa Hi Change - 76648-116-M'),(128,79,63,1,'2023-04-16 19:57:04',NULL,NULL,NULL,NULL,3200000.00,'37','Palladium Pampa Hi Change - 76648-116-M'),(129,80,64,1,'2023-04-16 20:41:53',NULL,NULL,NULL,NULL,3000000.00,'40','Palladium Pampalicious Starlight Blue - 96205-422-M'),(130,81,61,1,'2023-04-16 23:15:36',NULL,NULL,NULL,NULL,3200000.00,'38','Palladium Pampa Hi Ticket To Earth - 77357-116-M'),(131,82,61,1,'2023-04-16 23:22:57',NULL,NULL,NULL,NULL,3200000.00,'38','Palladium Pampa Hi Ticket To Earth - 77357-116-M'),(132,83,63,1,'2023-04-16 23:32:53',NULL,NULL,NULL,NULL,3200000.00,'37','Palladium Pampa Hi Change - 76648-116-M'),(133,84,44,1,'2023-04-16 23:37:59',NULL,NULL,NULL,NULL,1000000.00,'35','Vans SK8-Hi Lady'),(134,85,61,1,'2023-04-16 23:43:55',NULL,NULL,NULL,NULL,3200000.00,'38','Palladium Pampa Hi Ticket To Earth - 77357-116-M'),(135,86,46,1,'2023-04-16 23:45:32',NULL,NULL,NULL,NULL,1900000.00,'36','Vans UA SK8-Hi Tapered DIY'),(136,87,44,1,'2023-04-16 23:54:53',NULL,NULL,NULL,NULL,1000000.00,'35','Vans SK8-Hi Lady'),(137,88,44,1,'2023-04-17 00:22:52',NULL,NULL,NULL,NULL,1000000.00,'35','Vans SK8-Hi Lady'),(138,89,63,1,'2023-04-17 00:25:41',NULL,NULL,NULL,NULL,3200000.00,'37','Palladium Pampa Hi Change - 76648-116-M'),(145,95,64,1,'2023-05-07 09:53:06',NULL,158,NULL,NULL,3000000.00,'37','Palladium Pampalicious Starlight Blue - 96205-422-M'),(146,96,61,1,'2023-05-07 13:19:54',NULL,158,NULL,NULL,3200000.00,'38','Palladium Pampa Hi Ticket To Earth - 77357-116-M'),(151,101,63,1,'2023-05-07 13:38:30',NULL,158,NULL,NULL,3200000.00,'37','Palladium Pampa Hi Change - 76648-116-M'),(158,108,63,1,'2023-05-07 21:46:49',NULL,158,NULL,NULL,3200000.00,'37','Palladium Pampa Hi Change - 76648-116-M');
/*!40000 ALTER TABLE `tbl_saleorder_products` ENABLE KEYS */;
UNLOCK TABLES;

--
-- Table structure for table `tbl_users`
--

DROP TABLE IF EXISTS `tbl_users`;
/*!40101 SET @saved_cs_client     = @@character_set_client */;
/*!50503 SET character_set_client = utf8mb4 */;
CREATE TABLE `tbl_users` (
  `id` int NOT NULL AUTO_INCREMENT,
  `username` varchar(100) CHARACTER SET utf8mb4 COLLATE utf8mb4_bin NOT NULL,
  `password` varchar(100) CHARACTER SET utf8mb4 COLLATE utf8mb4_bin DEFAULT NULL,
  `email` varchar(100) CHARACTER SET utf8mb4 COLLATE utf8mb4_bin NOT NULL,
  `created_date` datetime DEFAULT NULL,
  `updated_date` datetime DEFAULT NULL,
  `created_by` int DEFAULT NULL,
  `updated_by` int DEFAULT NULL,
  `status` tinyint(1) DEFAULT NULL,
  `full_name` varchar(100) CHARACTER SET utf8mb4 COLLATE utf8mb4_bin NOT NULL,
  `provider` varchar(45) CHARACTER SET utf8mb4 COLLATE utf8mb4_bin DEFAULT NULL,
  `avatar` varchar(200) CHARACTER SET utf8mb4 COLLATE utf8mb4_bin DEFAULT NULL,
  `reset_password_token` varchar(45) CHARACTER SET utf8mb4 COLLATE utf8mb4_bin DEFAULT NULL,
  `lock_time` datetime DEFAULT NULL,
  `fail_attemp` int DEFAULT NULL,
  `password_changed_time` datetime DEFAULT NULL,
  PRIMARY KEY (`id`)
) ENGINE=InnoDB AUTO_INCREMENT=168 DEFAULT CHARSET=utf8mb4 COLLATE=utf8mb4_bin;
/*!40101 SET character_set_client = @saved_cs_client */;

--
-- Dumping data for table `tbl_users`
--

LOCK TABLES `tbl_users` WRITE;
/*!40000 ALTER TABLE `tbl_users` DISABLE KEYS */;
INSERT INTO `tbl_users` VALUES (57,'admin123','$2a$04$h6v10wZN0t3FMAi4qhCbX.7E8.bwAR1kcG.Zb9wt6.jTDJdlHCGBS','svgxh01@gmail.com','2023-01-29 20:50:47',NULL,NULL,NULL,1,'Nguyen Tien Dung','LOCAL',NULL,NULL,NULL,0,NULL),(158,'dungntt123','$2a$04$WpvFewtfOOegIXEUkelsDOWD0/IAIBqq0qGB8Y/pI/Pa//MJt2DGi','dung.ntt92001@gmail.com','2023-03-09 17:47:20','2023-04-14 10:54:56',NULL,158,1,'Nguyễn Thế Tiến Dũng','LOCAL','/users/avatars/avt_one.jpg','EcJKRIvND4qp9ugekojFJ98yrMrbE2',NULL,0,'2023-05-07 00:05:35'),(163,'admin111','$2a$04$h6v10wZN0t3FMAi4qhCbX.7E8.bwAR1kcG.Zb9wt6.jTDJdlHCGBS','dung.ntt992001@gmail.com','2023-03-27 22:52:46',NULL,NULL,NULL,1,'Nguyen Tien Dung','LOCAL','/users/avatars/202166185_2021396718013233_8499389898242103910_n.png','ILbBLa7MJ07iUGqtyRh9p6i6Wq9JGF',NULL,0,'2023-05-06 23:56:44'),(164,'lananh01','$2a$04$SLPI.VYnPi4oZsPGFvC39uU72w9B8dCVd5V.cVl8v155Tjngq24Y.','phan.lanh@gmail.com','2023-04-01 15:57:54','2023-04-01 17:00:18',NULL,164,1,'Phan Lan Anh','LOCAL','/users/avatars/avt_two.jpg',NULL,NULL,0,'2023-04-01 15:57:54'),(165,'dungntt2','$2a$04$iY081U41inty.zCnvIEwROX8cvCf2165pYwD4Y.fbRDOr9N5XPDwa','testmail@gmail.com','2023-04-14 15:43:31','2023-05-07 17:59:34',163,163,1,'Nguyen Tien Dung','LOCAL',NULL,NULL,NULL,0,'2023-04-14 15:43:31'),(166,'3526456854332009',NULL,'yeukohon235@gmail.com','2023-05-07 20:59:44',NULL,NULL,NULL,1,'Nguyễn Tiến Dũng','FACEBOOK','/users/avatars/facebook.jpg',NULL,NULL,0,NULL),(167,'115259399495554016955',NULL,'dung.ntt992001@gmail.com','2023-05-08 03:20:54',NULL,NULL,NULL,1,'Tiến Dũng Nguyễn Thế','GOOGLE','/users/avatars/google.jpg',NULL,NULL,0,NULL);
/*!40000 ALTER TABLE `tbl_users` ENABLE KEYS */;
UNLOCK TABLES;
/*!40103 SET TIME_ZONE=@OLD_TIME_ZONE */;

/*!40101 SET SQL_MODE=@OLD_SQL_MODE */;
/*!40014 SET FOREIGN_KEY_CHECKS=@OLD_FOREIGN_KEY_CHECKS */;
/*!40014 SET UNIQUE_CHECKS=@OLD_UNIQUE_CHECKS */;
/*!40101 SET CHARACTER_SET_CLIENT=@OLD_CHARACTER_SET_CLIENT */;
/*!40101 SET CHARACTER_SET_RESULTS=@OLD_CHARACTER_SET_RESULTS */;
/*!40101 SET COLLATION_CONNECTION=@OLD_COLLATION_CONNECTION */;
/*!40111 SET SQL_NOTES=@OLD_SQL_NOTES */;

-- Dump completed on 2023-05-08  3:25:09
